1776744420000,"0.00048520","0.00048520","0.00046840","0.00047960","38858191"
1776744480000,"0.00047720","0.00048800","0.00046947","0.00048400","35428689"
1776744540000,"0.00048400","0.00049000","0.00047775","0.00047970","43834166"
1776744600000,"0.00048198","0.00048811","0.00047513","0.00047887","20427652"
1776744660000,"0.00048178","0.00048883","0.00047600","0.00048000","30403320"
1776744720000,"0.00047807","0.00048044","0.00046974","0.00046974","16122337"
1776744780000,"0.00046800","0.00046983","0.00046101","0.00046758","24986071"
1776744840000,"0.00046760","0.00047580","0.00045999","0.00046520","30911763"
1776744900000,"0.00046201","0.00046202","0.00044800","0.00045484","10050537"
1776744960000,"0.00045203","0.00046200","0.00045013","0.00046200","17573952"
1776745020000,"0.00046200","0.00047000","0.00046200","0.00046600","23447840"
1776745080000,"0.00046600","0.00046600","0.00046144","0.00046600","11109119"
1776745140000,"0.00046760","0.00047000","0.00046320","0.00046599","23278677"
1776745200000,"0.00046280","0.00046323","0.00045282","0.00045282","14790878"
1776745260000,"0.00045200","0.00045800","0.00044831","0.00045563","24127815"
1776745320000,"0.00045700","0.00045980","0.00045563","0.00045774","5015965"
1776745380000,"0.00045960","0.00046200","0.00045563","0.00045801","13018975"
1776745440000,"0.00046199","0.00046568","0.00045734","0.00045760","9854305"
1776745500000,"0.00045760","0.00045763","0.00044755","0.00044880","48981573"
1776745560000,"0.00045080","0.00045230","0.00044200","0.00044756","47607392"
1776745620000,"0.00044801","0.00045000","0.00044755","0.00045000","3809422"
1776745680000,"0.00045000","0.00045000","0.00044271","0.00044755","5493673"
1776745740000,"0.00044400","0.00044512","0.00044037","0.00044038","24180483"
1776745800000,"0.00044360","0.00044511","0.00044360","0.00044511","2792242"
1776745860000,"0.00044512","0.00045413","0.00043791","0.00043791","45764432"
1776745920000,"0.00043791","0.00044272","0.00043200","0.00044118","44509434"
1776745980000,"0.00044100","0.00044967","0.00043554","0.00044967","11456084"
1776746040000,"0.00044856","0.00045364","0.00044279","0.00045041","25765937"
1776746100000,"0.00044800","0.00045879","0.00044755","0.00045001","22438371"
1776746160000,"0.00045001","0.00045360","0.00044755","0.00044997","1661535"
1776746220000,"0.00044755","0.00046257","0.00044755","0.00045801","6899126"
1776746280000,"0.00045996","0.00046256","0.00045590","0.00046200","9434295"
1776746340000,"0.00046140","0.00046257","0.00045939","0.00045951","5555795"
1776746400000,"0.00045802","0.00045802","0.00045202","0.00045320","9286935"
1776746460000,"0.00045560","0.00046980","0.00045560","0.00046687","23279463"
1776746520000,"0.00046680","0.00047000","0.00046403","0.00046849","13750984"
1776746580000,"0.00046800","0.00047622","0.00046500","0.00047359","25788146"
1776746640000,"0.00047359","0.00049000","0.00047359","0.00047446","68411012"
1776746700000,"0.00047520","0.00048908","0.00047520","0.00048799","28499256"
1776746760000,"0.00048699","0.00049540","0.00048507","0.00048999","65813756"
1776746820000,"0.00048999","0.00049330","0.00047728","0.00047949","26966284"
1776746880000,"0.00047882","0.00047882","0.00046714","0.00047195","29871791"
1776746940000,"0.00047192","0.00047401","0.00046938","0.00046938","16405196"
1776747000000,"0.00046800","0.00047200","0.00046600","0.00046861","4672830"
1776747060000,"0.00047200","0.00048416","0.00047067","0.00047067","16230117"
1776747120000,"0.00047067","0.00047100","0.00046538","0.00046567","8016274"
1776747180000,"0.00046800","0.00047237","0.00046327","0.00046340","9428582"
1776747240000,"0.00046340","0.00047000","0.00045400","0.00045400","15621331"
1776747300000,"0.00045400","0.00046517","0.00045280","0.00045320","26608786"
1776747360000,"0.00045200","0.00046110","0.00045080","0.00045477","19815219"
1776747420000,"0.00045560","0.00045900","0.00045318","0.00045600","19927328"
1776747480000,"0.00045600","0.00046228","0.00044851","0.00045179","27575780"
1776747540000,"0.00045179","0.00045345","0.00044095","0.00044800","52955925"
1776747600000,"0.00044697","0.00045100","0.00042335","0.00043501","140185846"
1776747660000,"0.00043560","0.00044120","0.00042679","0.00043300","49355042"
1776747720000,"0.00043351","0.00043980","0.00042851","0.00042906","28674275"
1776747780000,"0.00043149","0.00044000","0.00043148","0.00043979","13173072"
1776747840000,"0.00043979","0.00044489","0.00043604","0.00043920","11769743"
1776747900000,"0.00043824","0.00044406","0.00043787","0.00043849","12727643"
1776747960000,"0.00043980","0.00044040","0.00041290","0.00042848","49522823"
1776748020000,"0.00042550","0.00043920","0.00042408","0.00043600","17461763"
1776748080000,"0.00043500","0.00043500","0.00043200","0.00043500","20134723"
1776748140000,"0.00043500","0.00043500","0.00042849","0.00043380","18373625"
1776748200000,"0.00043450","0.00043500","0.00043320","0.00043380","9528157"
1776748260000,"0.00043380","0.00043620","0.00042975","0.00043440","20364415"
1776748320000,"0.00043440","0.00043440","0.00042605","0.00042701","13810017"
1776748380000,"0.00042700","0.00042840","0.00042500","0.00042840","12244702"
1776748440000,"0.00042656","0.00042811","0.00042307","0.00042500","4969106"
1776748500000,"0.00042500","0.00043140","0.00042423","0.00042840","20735107"
1776748560000,"0.00042780","0.00043299","0.00042513","0.00043200","25440380"
1776748620000,"0.00043263","0.00043587","0.00043200","0.00043521","16123009"
1776748680000,"0.00043585","0.00044160","0.00043200","0.00044100","46827844"
1776748740000,"0.00043980","0.00044040","0.00043428","0.00043586","12433909"
1776748800000,"0.00043462","0.00043462","0.00042640","0.00042850","42521011"
1776748860000,"0.00042998","0.00043400","0.00042462","0.00042967","8452761"
1776748920000,"0.00042850","0.00043320","0.00042420","0.00042699","20658212"
1776748980000,"0.00042698","0.00042699","0.00042100","0.00042100","13786725"
1776749040000,"0.00042180","0.00042687","0.00042100","0.00042100","10723821"
1776749100000,"0.00042100","0.00042480","0.00042100","0.00042301","8747297"
1776749160000,"0.00042302","0.00043267","0.00042301","0.00043003","17745502"
1776749220000,"0.00043001","0.00043080","0.00042700","0.00042700","10484004"
1776749280000,"0.00042700","0.00042846","0.00042596","0.00042596","5733342"
1776749340000,"0.00042597","0.00042601","0.00042400","0.00042400","13836586"
1776749400000,"0.00042315","0.00042315","0.00042009","0.00042036","11294582"
1776749460000,"0.00042052","0.00042680","0.00042010","0.00042401","10336754"
1776749520000,"0.00042400","0.00043381","0.00042251","0.00043381","33743225"
1776749580000,"0.00043263","0.00043263","0.00042835","0.00042835","4819669"
1776749640000,"0.00042834","0.00042888","0.00042407","0.00042448","4590873"
1776749700000,"0.00042448","0.00042967","0.00042238","0.00042685","1132904"
1776749760000,"0.00042550","0.00042754","0.00042372","0.00042401","1720928"
1776749820000,"0.00042401","0.00042499","0.00042261","0.00042261","5924435"
1776749880000,"0.00042251","0.00042251","0.00041926","0.00041926","7860080"
1776749940000,"0.00041877","0.00041949","0.00041627","0.00041627","4508099"
1776750000000,"0.00041596","0.00042000","0.00041550","0.00041999","23130976"
1776750060000,"0.00041800","0.00041874","0.00041500","0.00041500","13774815"
1776750120000,"0.00041501","0.00042480","0.00041501","0.00042480","21790013"
1776750180000,"0.00042480","0.00042638","0.00042140","0.00042405","4727436"
1776750240000,"0.00042669","0.00043149","0.00042669","0.00042756","22654387"
1776750300000,"0.00042999","0.00043000","0.00042272","0.00042800","18655109"
1776750360000,"0.00042964","0.00042964","0.00042613","0.00042613","2943172"
1776750420000,"0.00042833","0.00042949","0.00042310","0.00042932","2030864"
1776750480000,"0.00042950","0.00043200","0.00042660","0.00043200","6472496"
1776750540000,"0.00043200","0.00043381","0.00042780","0.00042780","15294421"
1776750600000,"0.00042781","0.00043600","0.00042781","0.00043301","16041333"
1776750660000,"0.00043301","0.00043301","0.00042520","0.00042960","9931213"
1776750720000,"0.00042960","0.00043075","0.00042573","0.00042573","17560718"
1776750780000,"0.00042550","0.00043150","0.00042100","0.00042966","36781716"
1776750840000,"0.00042960","0.00043149","0.00042776","0.00042834","12651288"
1776750900000,"0.00043000","0.00043064","0.00040920","0.00041600","81081418"
1776750960000,"0.00041600","0.00041957","0.00041311","0.00041801","23129100"
1776751020000,"0.00041976","0.00042207","0.00041737","0.00042058","3949944"
1776751080000,"0.00041821","0.00042744","0.00041821","0.00042311","10307737"
1776751140000,"0.00042550","0.00043150","0.00042334","0.00043150","6067417"
1776751200000,"0.00043150","0.00044500","0.00043040","0.00044488","37675399"
1776751260000,"0.00044500","0.00044672","0.00044132","0.00044520","8463305"
1776751320000,"0.00044520","0.00044679","0.00044000","0.00044624","5529460"
1776751380000,"0.00044650","0.00044999","0.00043900","0.00044201","20641493"
1776751440000,"0.00044201","0.00044201","0.00043707","0.00043793","3005480"
1776751500000,"0.00043750","0.00044049","0.00043451","0.00043451","2457916"
1776751560000,"0.00043659","0.00044049","0.00043366","0.00043608","14261740"
1776751620000,"0.00043450","0.00043724","0.00043450","0.00043718","782174"
1776751680000,"0.00043450","0.00043725","0.00043440","0.00043725","1062799"
1776751740000,"0.00043725","0.00043781","0.00043100","0.00043419","28158798"
1776751800000,"0.00043150","0.00043150","0.00042767","0.00043093","3658955"
1776751860000,"0.00042850","0.00043081","0.00042730","0.00043059","3160000"
1776751920000,"0.00042999","0.00043091","0.00042999","0.00043091","970000"
1776751980000,"0.00043090","0.00043090","0.00042940","0.00043047","1329885"
1776752040000,"0.00043047","0.00043209","0.00042085","0.00042499","4609090"
1776752100000,"0.00042459","0.00042902","0.00042207","0.00042699","4719937"
1776752160000,"0.00042400","0.00042562","0.00042095","0.00042562","4406968"
1776752220000,"0.00042400","0.00042616","0.00042400","0.00042616","313000"
1776752280000,"0.00042400","0.00042940","0.00042100","0.00042940","5766454"
1776752340000,"0.00042833","0.00043500","0.00042720","0.00043499","2298936"
1776752400000,"0.00043300","0.00044702","0.00043260","0.00044702","10658573"
1776752460000,"0.00044500","0.00045316","0.00044278","0.00045000","40540620"
1776752520000,"0.00045000","0.00046317","0.00044814","0.00045834","53596418"
1776752580000,"0.00045771","0.00045864","0.00044462","0.00044897","36236984"
1776752640000,"0.00044926","0.00045268","0.00044926","0.00045268","2944214"
1776752700000,"0.00045100","0.00045267","0.00043773","0.00044347","12247706"
1776752760000,"0.00044349","0.00044849","0.00044202","0.00044560","9960405"
1776752820000,"0.00044650","0.00044971","0.00044636","0.00044650","2916772"
1776752880000,"0.00044527","0.00044800","0.00044294","0.00044800","3429221"
1776752940000,"0.00044798","0.00045900","0.00044605","0.00044841","27569859"
1776753000000,"0.00045065","0.00045066","0.00044630","0.00044684","7972759"
1776753060000,"0.00044651","0.00046700","0.00043910","0.00045398","39462235"
1776753120000,"0.00045395","0.00045799","0.00044801","0.00045328","28126627"
1776753180000,"0.00045328","0.00045551","0.00045252","0.00045425","6158079"
1776753240000,"0.00045423","0.00045900","0.00045328","0.00045549","5200901"
1776753300000,"0.00045700","0.00046700","0.00045700","0.00046599","20367459"
1776753360000,"0.00046453","0.00046560","0.00046240","0.00046560","5033551"
1776753420000,"0.00046563","0.00046680","0.00046282","0.00046282","5169020"
1776753480000,"0.00046282","0.00046405","0.00046040","0.00046040","3402485"
1776753540000,"0.00046150","0.00046840","0.00046046","0.00046826","11885207"
1776753600000,"0.00046840","0.00046900","0.00046520","0.00046520","6280847"
1776753660000,"0.00046520","0.00046559","0.00046150","0.00046304","43774709"
1776753720000,"0.00046304","0.00046430","0.00045637","0.00046427","25516277"
1776753780000,"0.00046152","0.00046152","0.00045944","0.00046100","15245700"
1776753840000,"0.00046100","0.00046304","0.00045967","0.00046292","6126105"
1776753900000,"0.00046239","0.00046673","0.00046007","0.00046673","11222853"
1776753960000,"0.00046728","0.00047199","0.00046402","0.00047017","8137120"
1776754020000,"0.00046960","0.00046960","0.00046302","0.00046302","3170617"
1776754080000,"0.00046300","0.00046617","0.00046188","0.00046617","16926048"
1776754140000,"0.00046450","0.00047050","0.00046252","0.00046596","5547783"
1776754200000,"0.00046557","0.00047180","0.00046354","0.00047180","3861930"
1776754260000,"0.00047178","0.00047200","0.00046206","0.00046885","9564380"
1776754320000,"0.00046750","0.00046750","0.00046600","0.00046600","16896"
1776754380000,"0.00046600","0.00048000","0.00046480","0.00047050","10874404"
1776754440000,"0.00047050","0.00047640","0.00046000","0.00046749","12062185"
1776754500000,"0.00046450","0.00046602","0.00046234","0.00046449","6173671"
1776754560000,"0.00046448","0.00046450","0.00046093","0.00046449","6993129"
1776754620000,"0.00046150","0.00046369","0.00046001","0.00046003","4944719"
1776754680000,"0.00046040","0.00046250","0.00045908","0.00045908","1876369"
1776754740000,"0.00046097","0.00046097","0.00045250","0.00045340","2488741"
1776754800000,"0.00045250","0.00045250","0.00045099","0.00045100","29634735"
1776754860000,"0.00045075","0.00045100","0.00044600","0.00045074","16756344"
1776754920000,"0.00044915","0.00045011","0.00044300","0.00044708","8696240"
1776754980000,"0.00044517","0.00044747","0.00044286","0.00044702","6716542"
1776755040000,"0.00044500","0.00045012","0.00044351","0.00045012","2468791"
1776755100000,"0.00045012","0.00045100","0.00044820","0.00045090","4938798"
1776755160000,"0.00045090","0.00045100","0.00044860","0.00044860","1991143"
1776755220000,"0.00044861","0.00044899","0.00044710","0.00044710","2661275"
1776755280000,"0.00044710","0.00044749","0.00044210","0.00044210","3825026"
1776755340000,"0.00044210","0.00044364","0.00044000","0.00044101","19900718"
1776755400000,"0.00044056","0.00044279","0.00043901","0.00044223","20926019"
1776755460000,"0.00044055","0.00044467","0.00043902","0.00044467","29273936"
1776755520000,"0.00044436","0.00044788","0.00044229","0.00044508","20478321"
1776755580000,"0.00044501","0.00044501","0.00044170","0.00044304","19386546"
1776755640000,"0.00044308","0.00045069","0.00044126","0.00044402","22241307"
1776755700000,"0.00044405","0.00044822","0.00044356","0.00044605","22090529"
1776755760000,"0.00044559","0.00044950","0.00044420","0.00044950","20110386"
1776755820000,"0.00044801","0.00045320","0.00044300","0.00044300","20079917"
1776755880000,"0.00044301","0.00044301","0.00043773","0.00043773","26260704"
1776755940000,"0.00043875","0.00044048","0.00043769","0.00043920","20762736"
1776756000000,"0.00043920","0.00043980","0.00043703","0.00043782","21052692"
1776756060000,"0.00043801","0.00043900","0.00042955","0.00043160","30029884"
1776756120000,"0.00043352","0.00043429","0.00042887","0.00043000","52470575"
1776756180000,"0.00043000","0.00043400","0.00042701","0.00043032","32360811"
1776756240000,"0.00043032","0.00043066","0.00042102","0.00042175","35030077"
1776756300000,"0.00042120","0.00042503","0.00042100","0.00042243","25931933"
1776756360000,"0.00042307","0.00043131","0.00042250","0.00043131","21861820"
1776756420000,"0.00042856","0.00044550","0.00042280","0.00042601","44084412"
1776756480000,"0.00042550","0.00042720","0.00041812","0.00041812","28806334"
1776756540000,"0.00041813","0.00042120","0.00041441","0.00041890","45247325"
1776756600000,"0.00041805","0.00042207","0.00041680","0.00041864","17708264"
1776756660000,"0.00041680","0.00041742","0.00041311","0.00041311","27608808"
1776756720000,"0.00041311","0.00041739","0.00041229","0.00041644","24446200"
1776756780000,"0.00041418","0.00041418","0.00040000","0.00040354","126176849"
1776756840000,"0.00040355","0.00041127","0.00040209","0.00040604","25542107"
1776756900000,"0.00040665","0.00041033","0.00040173","0.00040290","18684349"
1776756960000,"0.00040189","0.00040790","0.00039747","0.00040150","33298382"
1776757020000,"0.00040022","0.00040268","0.00039623","0.00040005","39623318"
1776757080000,"0.00040006","0.00040300","0.00039866","0.00040300","45997723"
1776757140000,"0.00040300","0.00040507","0.00039770","0.00039770","26817078"
1776757200000,"0.00039864","0.00040400","0.00039864","0.00040380","30308557"
1776757260000,"0.00040400","0.00041385","0.00040381","0.00041177","57648855"
1776757320000,"0.00041051","0.00041315","0.00040901","0.00040992","15973542"
1776757380000,"0.00040993","0.00040999","0.00040600","0.00040685","25537164"
1776757440000,"0.00040681","0.00040900","0.00040030","0.00040042","29613354"
1776757500000,"0.00040030","0.00040188","0.00039325","0.00039934","34104777"
1776757560000,"0.00039544","0.00040230","0.00039532","0.00039960","22415980"
1776757620000,"0.00039827","0.00040294","0.00039827","0.00040294","32333141"
1776757680000,"0.00040300","0.00040900","0.00040200","0.00040860","53077688"
1776757740000,"0.00040742","0.00041228","0.00040742","0.00041010","12161292"
1776757800000,"0.00040920","0.00041394","0.00040920","0.00041043","9638533"
1776757860000,"0.00041200","0.00041394","0.00041200","0.00041394","1000000"
1776757920000,"0.00041394","0.00041394","0.00041220","0.00041220","500000"
1776757980000,"0.00041217","0.00041800","0.00041085","0.00041502","10443371"
1776758040000,"0.00041800","0.00041928","0.00041800","0.00041928","500000"
1776758100000,"0.00041950","0.00042449","0.00041913","0.00042011","8065591"
1776758160000,"0.00042011","0.00042142","0.00041833","0.00041860","3162473"
1776758220000,"0.00041844","0.00042500","0.00041000","0.00041000","6249527"
1776758280000,"0.00041200","0.00041976","0.00041000","0.00041356","12827005"
1776758340000,"0.00041415","0.00042732","0.00040936","0.00041743","15509283"
1776758400000,"0.00041650","0.00042520","0.00041160","0.00041759","5146347"
1776758460000,"0.00041514","0.00041799","0.00040200","0.00040739","43947135"
1776758520000,"0.00040739","0.00040821","0.00039928","0.00040479","44377291"
1776758580000,"0.00040469","0.00040469","0.00040141","0.00040221","7555208"
1776758640000,"0.00040425","0.00040541","0.00040383","0.00040495","2700015"
1776758700000,"0.00040590","0.00040721","0.00039080","0.00039600","25117400"
1776758760000,"0.00039200","0.00039440","0.00038892","0.00039100","22905752"
1776758820000,"0.00039200","0.00039666","0.00039105","0.00039666","8503045"
1776758880000,"0.00039640","0.00040260","0.00039640","0.00040240","6493848"
1776758940000,"0.00040260","0.00041070","0.00040241","0.00040241","2413138"
1776759000000,"0.00040251","0.00040446","0.00040250","0.00040253","2292834"
1776759060000,"0.00040454","0.00040454","0.00040135","0.00040447","6898232"
1776759120000,"0.00040340","0.00040428","0.00040340","0.00040428","493347"
1776759180000,"0.00040598","0.00040599","0.00040598","0.00040599","511376"
1776759240000,"0.00040606","0.00041128","0.00040437","0.00041128","2703717"
1776759300000,"0.00041439","0.00041439","0.00040562","0.00040562","2496814"
1776759360000,"0.00040876","0.00040877","0.00040876","0.00040876","73222"
1776759420000,"0.00040891","0.00041092","0.00040891","0.00041070","684302"
1776759480000,"0.00041051","0.00041492","0.00040298","0.00040728","1995406"
1776759540000,"0.00040811","0.00040811","0.00040400","0.00040400","135821"
1776759600000,"0.00040578","0.00040858","0.00040567","0.00040858","1466245"
1776759660000,"0.00040890","0.00041447","0.00040570","0.00040570","814647"
1776759720000,"0.00040928","0.00040929","0.00040041","0.00040041","4134435"
1776759780000,"0.00040619","0.00040652","0.00040000","0.00040003","3531147"
1776759840000,"0.00040001","0.00040007","0.00039354","0.00039861","28201657"
1776759900000,"0.00039765","0.00039855","0.00039007","0.00039223","42515065"
1776759960000,"0.00039116","0.00039698","0.00039085","0.00039698","19002964"
1776760020000,"0.00039698","0.00039719","0.00039617","0.00039678","18114091"
1776760080000,"0.00039680","0.00039700","0.00039572","0.00039572","11361465"
1776760140000,"0.00039494","0.00039494","0.00039299","0.00039300","2037939"
1776760200000,"0.00039299","0.00039299","0.00038729","0.00038947","10997081"
1776760260000,"0.00038948","0.00039292","0.00038836","0.00039246","1903699"
1776760320000,"0.00039237","0.00039499","0.00039237","0.00039480","1434300"
1776760380000,"0.00039144","0.00040021","0.00039144","0.00040000","12887199"
1776760440000,"0.00039731","0.00040039","0.00039731","0.00040039","612397"
1776760500000,"0.00040040","0.00040439","0.00040040","0.00040173","10028579"
1776760560000,"0.00040359","0.00040647","0.00040288","0.00040530","8149190"
1776760620000,"0.00040530","0.00040654","0.00040171","0.00040171","6268443"
1776760680000,"0.00040171","0.00040399","0.00040160","0.00040399","3676574"
1776760740000,"0.00040347","0.00040400","0.00040347","0.00040400","3917081"
1776760800000,"0.00040400","0.00040455","0.00040400","0.00040455","1360063"
1776760860000,"0.00040269","0.00040457","0.00040250","0.00040250","11884434"
1776760920000,"0.00040250","0.00040456","0.00040229","0.00040253","1139478"
1776760980000,"0.00040456","0.00040760","0.00040456","0.00040480","7674405"
1776761040000,"0.00040500","0.00040500","0.00040450","0.00040450","8347646"
1776761100000,"0.00040450","0.00040450","0.00039755","0.00039755","44963193"
1776761160000,"0.00039733","0.00040238","0.00039733","0.00039815","13932069"
1776761220000,"0.00039901","0.00040091","0.00039188","0.00039188","7068168"
1776761280000,"0.00039256","0.00039461","0.00038998","0.00039382","9683090"
1776761340000,"0.00039330","0.00039464","0.00039303","0.00039464","3966463"
1776761400000,"0.00039468","0.00039760","0.00039307","0.00039525","5411821"
1776761460000,"0.00039301","0.00040367","0.00038920","0.00040110","21446919"
1776761520000,"0.00040095","0.00040233","0.00039928","0.00040233","3503083"
1776761580000,"0.00040280","0.00040293","0.00039928","0.00039976","2543524"
1776761640000,"0.00039929","0.00040174","0.00039929","0.00040174","3132688"
1776761700000,"0.00040260","0.00040400","0.00040260","0.00040400","1675633"
1776761760000,"0.00040399","0.00041832","0.00040399","0.00041110","11205732"
1776761820000,"0.00041512","0.00042468","0.00041378","0.00041688","8240368"
1776761880000,"0.00041646","0.00042215","0.00041283","0.00041923","11316930"
1776761940000,"0.00041700","0.00042367","0.00041305","0.00041924","23278615"
1776762000000,"0.00041924","0.00042179","0.00041283","0.00041283","61771508"
1776762060000,"0.00041283","0.00041398","0.00041100","0.00041348","13484250"
1776762120000,"0.00041233","0.00041299","0.00040771","0.00040900","29674940"
1776762180000,"0.00040887","0.00040900","0.00040437","0.00040704","19464271"
1776762240000,"0.00040680","0.00040680","0.00040051","0.00040095","8910341"
1776762300000,"0.00040560","0.00040570","0.00039736","0.00040200","14458736"
1776762360000,"0.00039941","0.00040200","0.00039840","0.00039936","2460806"
1776762420000,"0.00039961","0.00039962","0.00039660","0.00039900","4852234"
1776762480000,"0.00039653","0.00040078","0.00039556","0.00039556","1251360"
1776762540000,"0.00039600","0.00040200","0.00039504","0.00040200","15618030"
1776762600000,"0.00040367","0.00040800","0.00040008","0.00040259","3937838"
1776762660000,"0.00040728","0.00040799","0.00039820","0.00040541","2205310"
1776762720000,"0.00040079","0.00040227","0.00039716","0.00040227","3576675"
1776762780000,"0.00040272","0.00040272","0.00040061","0.00040061","80000"
1776762840000,"0.00040259","0.00040840","0.00040083","0.00040798","18430867"
1776762900000,"0.00040818","0.00040819","0.00040536","0.00040620","2435621"
1776762960000,"0.00040737","0.00040737","0.00040259","0.00040545","1534967"
1776763020000,"0.00040291","0.00040656","0.00040277","0.00040656","1782178"
1776763080000,"0.00040432","0.00040589","0.00040216","0.00040216","3572354"
1776763140000,"0.00040199","0.00040200","0.00040078","0.00040078","3027678"
1776763200000,"0.00040008","0.00040470","0.00039860","0.00040440","11274070"
1776763260000,"0.00040660","0.00040771","0.00040581","0.00040769","1199509"
1776763320000,"0.00040759","0.00041525","0.00040759","0.00041166","7638069"
1776763380000,"0.00041160","0.00041160","0.00040918","0.00041136","4436086"
1776763440000,"0.00041117","0.00041118","0.00041115","0.00041118","1439034"
1776763500000,"0.00041088","0.00041088","0.00040499","0.00040618","11227526"
1776763560000,"0.00040367","0.00040367","0.00040101","0.00040140","1664272"
1776763620000,"0.00040104","0.00040104","0.00040104","0.00040104","1760981"
1776763680000,"0.00040101","0.00040150","0.00040100","0.00040100","2500000"
1776763740000,"0.00040100","0.00040100","0.00039880","0.00040088","5319866"
1776763800000,"0.00039993","0.00039994","0.00039993","0.00039994","147454"
1776763860000,"0.00040018","0.00040250","0.00040017","0.00040250","636184"
1776763920000,"0.00040250","0.00040461","0.00040250","0.00040461","4012247"
1776763980000,"0.00040364","0.00040367","0.00039708","0.00039901","4779180"
1776764040000,"0.00039696","0.00039961","0.00039280","0.00039960","18368564"
1776764100000,"0.00039671","0.00040138","0.00039493","0.00040099","15162161"
1776764160000,"0.00039900","0.00040500","0.00039849","0.00040499","10127165"
1776764220000,"0.00040399","0.00040726","0.00040282","0.00040597","3291181"
1776764280000,"0.00040499","0.00040731","0.00040282","0.00040731","6998329"
1776764340000,"0.00040501","0.00040890","0.00040500","0.00040579","14676873"
1776764400000,"0.00040681","0.00040757","0.00040599","0.00040757","7306575"
1776764460000,"0.00040591","0.00040798","0.00040579","0.00040600","9642346"
1776764520000,"0.00040997","0.00041000","0.00040997","0.00041000","3879028"
1776764580000,"0.00040905","0.00040959","0.00040860","0.00040959","437502"
1776764640000,"0.00040821","0.00040821","0.00040579","0.00040579","29635013"
1776764700000,"0.00040579","0.00040589","0.00040501","0.00040501","5541154"
1776764760000,"0.00040588","0.00040588","0.00040496","0.00040497","785858"
1776764820000,"0.00040367","0.00040367","0.00039779","0.00039945","10037799"
1776764880000,"0.00039945","0.00039960","0.00039647","0.00039691","6718618"
1776764940000,"0.00039669","0.00039808","0.00039180","0.00039526","31851336"
1776765000000,"0.00039430","0.00039930","0.00039000","0.00039869","94759513"
1776765060000,"0.00039690","0.00039690","0.00038431","0.00038726","61437373"
1776765120000,"0.00038726","0.00039103","0.00038465","0.00039055","9754991"
1776765180000,"0.00038853","0.00039140","0.00038626","0.00039140","5513546"
1776765240000,"0.00039140","0.00039539","0.00039140","0.00039539","5225179"
1776765300000,"0.00039360","0.00039420","0.00039191","0.00039192","1918652"
1776765360000,"0.00039193","0.00039195","0.00038520","0.00038950","12386230"
1776765420000,"0.00038952","0.00039142","0.00038915","0.00039142","3149109"
1776765480000,"0.00038829","0.00038829","0.00038829","0.00038829","73773"
1776765540000,"0.00039140","0.00039141","0.00039125","0.00039141","1654130"
1776765600000,"0.00039141","0.00039508","0.00039141","0.00039508","4626289"
1776765660000,"0.00039508","0.00039508","0.00039508","0.00039508","0"
1776765720000,"0.00039244","0.00039775","0.00039171","0.00039775","3929128"
1776765780000,"0.00039775","0.00039775","0.00039775","0.00039775","0"
1776765840000,"0.00039775","0.00039775","0.00039775","0.00039775","0"
1776765900000,"0.00039775","0.00039775","0.00039775","0.00039775","0"
1776765960000,"0.00039690","0.00039957","0.00039690","0.00039957","6266592"
1776766020000,"0.00039654","0.00039660","0.00039485","0.00039485","1740000"
1776766080000,"0.00039930","0.00039954","0.00039318","0.00039318","5466230"
1776766140000,"0.00039480","0.00039480","0.00039198","0.00039198","240000"
1776766200000,"0.00039198","0.00039198","0.00039198","0.00039198","234373"
1776766260000,"0.00039245","0.00039555","0.00039245","0.00039341","1423710"
1776766320000,"0.00039571","0.00039648","0.00039424","0.00039436","8624883"
1776766380000,"0.00039653","0.00039750","0.00039340","0.00039340","7271992"
1776766440000,"0.00039340","0.00039479","0.00039340","0.00039479","10622901"
1776766500000,"0.00039479","0.00039852","0.00039340","0.00039771","16508933"
1776766560000,"0.00039420","0.00039839","0.00039407","0.00039466","7736341"
1776766620000,"0.00039390","0.00039744","0.00039389","0.00039389","2202060"
1776766680000,"0.00039389","0.00039687","0.00039389","0.00039390","3539673"
1776766740000,"0.00039390","0.00039390","0.00038955","0.00038955","7966068"
1776766800000,"0.00039177","0.00039285","0.00039177","0.00039285","70000"
1776766860000,"0.00038960","0.00039251","0.00038960","0.00038960","1471127"
1776766920000,"0.00039150","0.00039291","0.00039115","0.00039289","2625394"
1776766980000,"0.00039231","0.00039231","0.00038792","0.00038819","5847290"
1776767040000,"0.00038902","0.00038902","0.00038900","0.00038901","763403"
1776767100000,"0.00038611","0.00038899","0.00038515","0.00038515","4412604"
1776767160000,"0.00038877","0.00039073","0.00038877","0.00038881","3709885"
1776767220000,"0.00039071","0.00039071","0.00038880","0.00038890","1247395"
1776767280000,"0.00039063","0.00039340","0.00039063","0.00039340","9280515"
1776767340000,"0.00039340","0.00039475","0.00039340","0.00039450","1576544"
1776767400000,"0.00039450","0.00039733","0.00039450","0.00039733","470324"
1776767460000,"0.00039344","0.00039344","0.00039322","0.00039322","500000"
1776767520000,"0.00039829","0.00039853","0.00039829","0.00039853","1056444"
1776767580000,"0.00040008","0.00040990","0.00040008","0.00040744","14488277"
1776767640000,"0.00040744","0.00040876","0.00040029","0.00040530","9793115"
1776767700000,"0.00040320","0.00040320","0.00040320","0.00040320","320000"
1776767760000,"0.00040008","0.00040619","0.00039935","0.00040619","2869764"
1776767820000,"0.00040607","0.00040619","0.00039651","0.00040066","10617495"
1776767880000,"0.00039865","0.00040283","0.00039860","0.00040283","2256146"
1776767940000,"0.00040266","0.00040279","0.00039979","0.00039979","320000"
1776768000000,"0.00040177","0.00040177","0.00039971","0.00039971","300000"
1776768060000,"0.00040122","0.00040365","0.00039972","0.00040365","873200"
1776768120000,"0.00040367","0.00040428","0.00040002","0.00040366","2149738"
1776768180000,"0.00040248","0.00040419","0.00040095","0.00040419","2790588"
1776768240000,"0.00040140","0.00040140","0.00040050","0.00040050","60000"
1776768300000,"0.00040008","0.00040319","0.00040000","0.00040001","995907"
1776768360000,"0.00040001","0.00040001","0.00040001","0.00040001","0"
1776768420000,"0.00040001","0.00040001","0.00040001","0.00040001","0"
1776768480000,"0.00040263","0.00040263","0.00040261","0.00040261","1522263"
1776768540000,"0.00040248","0.00040720","0.00040000","0.00040000","4600635"
1776768600000,"0.00040356","0.00040374","0.00040356","0.00040367","14260533"
1776768660000,"0.00040161","0.00040516","0.00040161","0.00040515","1581989"
1776768720000,"0.00040590","0.00040590","0.00040590","0.00040590","3945563"
1776768780000,"0.00040590","0.00040590","0.00040590","0.00040590","0"
1776768840000,"0.00040607","0.00040727","0.00040587","0.00040727","3167787"
1776768900000,"0.00040728","0.00040800","0.00040727","0.00040800","1788670"
1776768960000,"0.00040800","0.00040990","0.00040800","0.00040990","10229113"
1776769020000,"0.00040990","0.00040990","0.00040990","0.00040990","4237422"
1776769080000,"0.00040990","0.00041909","0.00040990","0.00041366","28508088"
1776769140000,"0.00041191","0.00041191","0.00041191","0.00041191","150000"
1776769200000,"0.00041598","0.00041616","0.00041598","0.00041616","70000"
1776769260000,"0.00041695","0.00042263","0.00041601","0.00041685","7683902"
1776769320000,"0.00042206","0.00042206","0.00041461","0.00042136","4294291"
1776769380000,"0.00041586","0.00041831","0.00041094","0.00041095","5495298"
1776769440000,"0.00041096","0.00041779","0.00041094","0.00041667","3718062"
1776769500000,"0.00041667","0.00041667","0.00041667","0.00041667","0"
1776769560000,"0.00041095","0.00041646","0.00040380","0.00041025","18599211"
1776769620000,"0.00040789","0.00041052","0.00040789","0.00040998","5933491"
1776769680000,"0.00041093","0.00041625","0.00040922","0.00041120","7253299"
1776769740000,"0.00041122","0.00041122","0.00041095","0.00041095","1317433"
1776769800000,"0.00041148","0.00041674","0.00040644","0.00041440","23492925"
1776769860000,"0.00041365","0.00041525","0.00040850","0.00041185","7007860"
1776769920000,"0.00041544","0.00041595","0.00041448","0.00041595","410499"
1776769980000,"0.00041595","0.00041704","0.00041328","0.00041418","998116"
1776770040000,"0.00041548","0.00041600","0.00041400","0.00041495","6926438"
1776770100000,"0.00041600","0.00042012","0.00041412","0.00041868","11609309"
1776770160000,"0.00041652","0.00041904","0.00041461","0.00041580","2956163"
1776770220000,"0.00041778","0.00041843","0.00041757","0.00041757","2005215"
1776770280000,"0.00041646","0.00041757","0.00041526","0.00041757","3631799"
1776770340000,"0.00041701","0.00042000","0.00041701","0.00042000","6497827"
1776770400000,"0.00042000","0.00042336","0.00041845","0.00042169","7645531"
1776770460000,"0.00042133","0.00042284","0.00041940","0.00042200","6175903"
1776770520000,"0.00042048","0.00042158","0.00041667","0.00042064","6730154"
1776770580000,"0.00042050","0.00042050","0.00041521","0.00041919","8968558"
1776770640000,"0.00041844","0.00041921","0.00041550","0.00041715","3024526"
1776770700000,"0.00041783","0.00041868","0.00041641","0.00041641","3939367"
1776770760000,"0.00041850","0.00041850","0.00041510","0.00041790","3106193"
1776770820000,"0.00041789","0.00041850","0.00041612","0.00041612","8825659"
1776770880000,"0.00041811","0.00041850","0.00041602","0.00041850","3942200"
1776770940000,"0.00041595","0.00041849","0.00041412","0.00041412","6258121"
1776771000000,"0.00041318","0.00041711","0.00041317","0.00041383","5852925"
1776771060000,"0.00041489","0.00041489","0.00040966","0.00041317","11803270"
1776771120000,"0.00041316","0.00042005","0.00040729","0.00041900","19879863"
1776771180000,"0.00041939","0.00041939","0.00041727","0.00041727","661925"
1776771240000,"0.00041727","0.00041778","0.00041510","0.00041612","3949359"
1776771300000,"0.00041500","0.00041564","0.00041217","0.00041217","2262450"
1776771360000,"0.00041217","0.00041282","0.00041183","0.00041261","5586025"
1776771420000,"0.00041231","0.00041261","0.00041093","0.00041199","929318"
1776771480000,"0.00041093","0.00041265","0.00040848","0.00041265","4647501"
1776771540000,"0.00041101","0.00041297","0.00040953","0.00041000","3555454"
1776771600000,"0.00041000","0.00041263","0.00041000","0.00041263","1865900"
1776771660000,"0.00041263","0.00041332","0.00040932","0.00041332","4855832"
1776771720000,"0.00041323","0.00041323","0.00041323","0.00041323","1209979"
1776771780000,"0.00041085","0.00041840","0.00040920","0.00041118","1893093"
1776771840000,"0.00041357","0.00041358","0.00041040","0.00041129","967210"
1776771900000,"0.00041112","0.00041129","0.00041112","0.00041129","582180"
1776771960000,"0.00040987","0.00041117","0.00040900","0.00040914","567400"
1776772020000,"0.00040914","0.00041021","0.00040899","0.00040899","2709148"
1776772080000,"0.00040899","0.00040899","0.00040414","0.00040786","5726259"
1776772140000,"0.00040732","0.00041207","0.00040728","0.00040756","9678565"
1776772200000,"0.00040953","0.00041108","0.00040821","0.00040821","7274379"
1776772260000,"0.00040821","0.00040821","0.00040820","0.00040820","5142248"
1776772320000,"0.00040820","0.00041189","0.00040818","0.00041189","8914943"
1776772380000,"0.00041149","0.00041167","0.00041149","0.00041167","120000"
1776772440000,"0.00041399","0.00041400","0.00041369","0.00041370","2295050"
1776772500000,"0.00041370","0.00041430","0.00041141","0.00041220","5630396"
1776772560000,"0.00041201","0.00041201","0.00041085","0.00041193","3365900"
1776772620000,"0.00041214","0.00041215","0.00041184","0.00041215","494800"
1776772680000,"0.00041215","0.00041215","0.00041215","0.00041215","0"
1776772740000,"0.00041090","0.00041090","0.00041090","0.00041090","500000"
1776772800000,"0.00041256","0.00041359","0.00041041","0.00041041","260317"
1776772860000,"0.00041292","0.00041328","0.00041292","0.00041328","72608"
1776772920000,"0.00041250","0.00041960","0.00041080","0.00041081","8500504"
1776772980000,"0.00041400","0.00041544","0.00041400","0.00041544","650719"
1776773040000,"0.00041251","0.00041251","0.00041251","0.00041251","475565"
1776773100000,"0.00041253","0.00041253","0.00041251","0.00041251","2582282"
1776773160000,"0.00041251","0.00041251","0.00041251","0.00041251","0"
1776773220000,"0.00041472","0.00041501","0.00041472","0.00041501","2995855"
1776773280000,"0.00041544","0.00042000","0.00041500","0.00041943","20270665"
1776773340000,"0.00041623","0.00041868","0.00041623","0.00041662","5632542"
1776773400000,"0.00041684","0.00041712","0.00041660","0.00041660","876805"
1776773460000,"0.00041660","0.00041660","0.00041608","0.00041608","702406"
1776773520000,"0.00041608","0.00041609","0.00041608","0.00041609","400000"
1776773580000,"0.00041876","0.00041991","0.00041868","0.00041991","858988"
1776773640000,"0.00041991","0.00042064","0.00041991","0.00042064","11542893"
1776773700000,"0.00042024","0.00042133","0.00041620","0.00041687","14614483"
1776773760000,"0.00041687","0.00041705","0.00041687","0.00041704","631429"
1776773820000,"0.00041715","0.00041715","0.00041621","0.00041621","1700000"
1776773880000,"0.00041741","0.00041741","0.00041741","0.00041741","232295"
1776773940000,"0.00041652","0.00041745","0.00041652","0.00041733","7058750"
1776774000000,"0.00041646","0.00041646","0.00041278","0.00041278","1422373"
1776774060000,"0.00041220","0.00041220","0.00040729","0.00040729","8043120"
1776774120000,"0.00040728","0.00040729","0.00039062","0.00040379","29103041"
1776774180000,"0.00040010","0.00040599","0.00040010","0.00040215","2126952"
1776774240000,"0.00040215","0.00040215","0.00040215","0.00040215","0"
1776774300000,"0.00040399","0.00041093","0.00040200","0.00040800","30912810"
1776774360000,"0.00040800","0.00041292","0.00040800","0.00041184","9700156"
1776774420000,"0.00041017","0.00041199","0.00041017","0.00041055","4349851"
1776774480000,"0.00041055","0.00041055","0.00041055","0.00041055","0"
1776774540000,"0.00041055","0.00041055","0.00041055","0.00041055","0"
1776774600000,"0.00040987","0.00041200","0.00040072","0.00041019","4638831"
1776774660000,"0.00040855","0.00040893","0.00040855","0.00040892","839139"
1776774720000,"0.00040893","0.00041171","0.00040615","0.00040615","10113340"
1776774780000,"0.00040608","0.00041200","0.00040591","0.00041199","2203259"
1776774840000,"0.00041199","0.00041199","0.00041199","0.00041199","0"
1776774900000,"0.00040951","0.00040951","0.00040951","0.00040951","65402"
1776774960000,"0.00040969","0.00041092","0.00040568","0.00041092","17245833"
1776775020000,"0.00041092","0.00041092","0.00041092","0.00041092","0"
1776775080000,"0.00041054","0.00041054","0.00041054","0.00041054","1067008"
1776775140000,"0.00040718","0.00040718","0.00040491","0.00040491","5142311"
1776775200000,"0.00040526","0.00040526","0.00040033","0.00040033","285943"
1776775260000,"0.00040034","0.00041060","0.00039219","0.00039653","16308945"
1776775320000,"0.00039929","0.00040067","0.00039851","0.00039851","4200000"
1776775380000,"0.00039803","0.00039865","0.00039802","0.00039862","5318016"
1776775440000,"0.00039862","0.00040044","0.00039861","0.00039861","6573961"
1776775500000,"0.00040043","0.00040145","0.00039863","0.00039930","3548163"
1776775560000,"0.00039931","0.00040194","0.00039931","0.00039951","3783130"
1776775620000,"0.00040001","0.00040046","0.00039803","0.00040001","6792043"
1776775680000,"0.00040062","0.00040260","0.00040062","0.00040260","2640187"
1776775740000,"0.00040062","0.00040325","0.00040010","0.00040010","4168915"
1776775800000,"0.00040010","0.00040010","0.00039957","0.00039957","1000000"
1776775860000,"0.00039897","0.00040159","0.00039897","0.00040140","7432209"
1776775920000,"0.00040090","0.00040090","0.00039929","0.00039929","5788831"
1776775980000,"0.00039929","0.00039935","0.00039696","0.00039935","11969995"
1776776040000,"0.00039660","0.00039662","0.00039302","0.00039303","14493457"
1776776100000,"0.00039301","0.00039468","0.00038522","0.00038742","10149139"
1776776160000,"0.00038770","0.00038835","0.00038295","0.00038835","12425790"
1776776220000,"0.00038906","0.00039180","0.00038814","0.00039120","5340523"
1776776280000,"0.00039190","0.00039444","0.00038747","0.00039106","4812014"
1776776340000,"0.00038800","0.00039039","0.00038800","0.00039039","1867384"
1776776400000,"0.00038821","0.00039160","0.00038821","0.00038842","4163987"
1776776460000,"0.00039105","0.00039528","0.00039101","0.00039238","3425333"
1776776520000,"0.00039468","0.00039500","0.00039100","0.00039402","7300137"
1776776580000,"0.00039498","0.00039498","0.00038800","0.00039276","12641513"
1776776640000,"0.00039276","0.00039404","0.00039276","0.00039404","1465538"
1776776700000,"0.00039567","0.00040100","0.00039502","0.00039805","7422466"
1776776760000,"0.00040095","0.00040558","0.00039864","0.00040097","7870591"
1776776820000,"0.00040096","0.00040176","0.00040021","0.00040043","2971801"
1776776880000,"0.00040194","0.00040360","0.00040160","0.00040160","4473289"
1776776940000,"0.00040284","0.00040529","0.00040020","0.00040082","10737240"
1776777000000,"0.00040356","0.00040356","0.00040020","0.00040300","2701030"
1776777060000,"0.00040326","0.00041000","0.00040326","0.00040425","10739248"
1776777120000,"0.00040425","0.00040556","0.00040069","0.00040159","4520694"
1776777180000,"0.00040293","0.00040320","0.00040020","0.00040155","5673201"
1776777240000,"0.00040320","0.00040320","0.00040020","0.00040192","1284206"
1776777300000,"0.00040192","0.00040192","0.00040192","0.00040192","0"
1776777360000,"0.00040192","0.00040192","0.00040192","0.00040192","0"
1776777420000,"0.00040200","0.00040293","0.00040022","0.00040293","764004"
1776777480000,"0.00040029","0.00040339","0.00040021","0.00040339","4683033"
1776777540000,"0.00040194","0.00040361","0.00040140","0.00040361","4880938"
1776777600000,"0.00040499","0.00040960","0.00040280","0.00040280","3120000"
1776777660000,"0.00040229","0.00040360","0.00040173","0.00040327","3940000"
1776777720000,"0.00040673","0.00040997","0.00040326","0.00040783","10670374"
1776777780000,"0.00040938","0.00040938","0.00040410","0.00040547","4188027"
1776777840000,"0.00040720","0.00040722","0.00040688","0.00040722","502800"
1776777900000,"0.00040722","0.00040896","0.00040551","0.00040622","5921884"
1776777960000,"0.00040719","0.00040787","0.00040590","0.00040689","3525756"
1776778020000,"0.00040784","0.00040787","0.00040656","0.00040787","2641986"
1776778080000,"0.00040787","0.00040787","0.00040590","0.00040590","2527746"
1776778140000,"0.00040752","0.00040885","0.00040590","0.00040848","1272664"
1776778200000,"0.00040896","0.00040898","0.00040722","0.00040898","776045"
1776778260000,"0.00040897","0.00040898","0.00040673","0.00040890","1039632"
1776778320000,"0.00040898","0.00040898","0.00040897","0.00040898","3452812"
1776778380000,"0.00040898","0.00041199","0.00040800","0.00041169","5319414"
1776778440000,"0.00041199","0.00041200","0.00041180","0.00041180","7072402"
1776778500000,"0.00041180","0.00041200","0.00041180","0.00041200","5943788"
1776778560000,"0.00041199","0.00041620","0.00041131","0.00041445","16172470"
1776778620000,"0.00041518","0.00041518","0.00040920","0.00041209","4538652"
1776778680000,"0.00041396","0.00041396","0.00040380","0.00040380","9618852"
1776778740000,"0.00040400","0.00040400","0.00040381","0.00040396","6363951"
1776778800000,"0.00040396","0.00040396","0.00040020","0.00040221","2462691"
1776778860000,"0.00040021","0.00040021","0.00040000","0.00040000","2707877"
1776778920000,"0.00040141","0.00040141","0.00040141","0.00040141","75048"
1776778980000,"0.00040120","0.00040120","0.00040120","0.00040120","421245"
1776779040000,"0.00040160","0.00040211","0.00040061","0.00040061","3962236"
1776779100000,"0.00040061","0.00040290","0.00039882","0.00039882","6450000"
1776779160000,"0.00039883","0.00039883","0.00039654","0.00039654","21305276"
1776779220000,"0.00039654","0.00039654","0.00039654","0.00039654","0"
1776779280000,"0.00040087","0.00040089","0.00039440","0.00039440","4598414"
1776779340000,"0.00039420","0.00040020","0.00038945","0.00039301","28522102"
1776779400000,"0.00039266","0.00039558","0.00038910","0.00039558","8460929"
1776779460000,"0.00039511","0.00039558","0.00039165","0.00039556","9829401"
1776779520000,"0.00039554","0.00039554","0.00039553","0.00039553","800000"
1776779580000,"0.00039499","0.00039499","0.00039470","0.00039489","1293148"
1776779640000,"0.00039218","0.00039489","0.00038980","0.00038981","1613583"
1776779700000,"0.00039000","0.00039554","0.00038981","0.00039554","3341246"
1776779760000,"0.00039553","0.00039553","0.00039553","0.00039553","696111"
1776779820000,"0.00038986","0.00039518","0.00038984","0.00038984","385366"
1776779880000,"0.00039000","0.00039305","0.00039000","0.00039249","6694041"
1776779940000,"0.00038985","0.00038985","0.00038741","0.00038741","3369838"
1776780000000,"0.00039174","0.00039176","0.00038733","0.00039099","5090067"
1776780060000,"0.00039040","0.00039237","0.00038760","0.00039237","2094579"
1776780120000,"0.00038815","0.00039197","0.00038440","0.00038930","5458238"
1776780180000,"0.00038264","0.00038264","0.00038200","0.00038200","215666"
1776780240000,"0.00038200","0.00038539","0.00038133","0.00038400","5966996"
1776780300000,"0.00038400","0.00038403","0.00038200","0.00038399","10520477"
1776780360000,"0.00038448","0.00038498","0.00038201","0.00038300","5033605"
1776780420000,"0.00038497","0.00038497","0.00038300","0.00038351","1410000"
1776780480000,"0.00038498","0.00038500","0.00038300","0.00038459","10962952"
1776780540000,"0.00038499","0.00038916","0.00038499","0.00038916","16377254"
1776780600000,"0.00038521","0.00038522","0.00038500","0.00038500","11434598"
1776780660000,"0.00038502","0.00038845","0.00038500","0.00038500","3103669"
1776780720000,"0.00038500","0.00038860","0.00038300","0.00038300","22651012"
1776780780000,"0.00038341","0.00038500","0.00038341","0.00038500","378769"
1776780840000,"0.00038500","0.00038895","0.00038500","0.00038501","3300697"
1776780900000,"0.00038501","0.00038501","0.00038342","0.00038360","1614381"
1776780960000,"0.00038360","0.00038360","0.00038010","0.00038280","21691241"
1776781020000,"0.00038198","0.00038199","0.00037162","0.00037617","32134296"
1776781080000,"0.00037916","0.00038575","0.00037013","0.00037014","37988119"
1776781140000,"0.00037480","0.00038199","0.00037480","0.00038083","19668417"
1776781200000,"0.00038170","0.00038171","0.00038038","0.00038038","1130000"
1776781260000,"0.00038150","0.00038150","0.00038150","0.00038150","123700"
1776781320000,"0.00038150","0.00038150","0.00037591","0.00037750","17108436"
1776781380000,"0.00037752","0.00039182","0.00037752","0.00038271","5178565"
1776781440000,"0.00038271","0.00038874","0.00038270","0.00038476","6765333"
1776781500000,"0.00038599","0.00038599","0.00038599","0.00038599","300000"
1776781560000,"0.00038330","0.00038547","0.00038330","0.00038547","1762138"
1776781620000,"0.00038272","0.00038738","0.00038272","0.00038738","1426369"
1776781680000,"0.00038271","0.00038273","0.00038270","0.00038272","930000"
1776781740000,"0.00038657","0.00038658","0.00037650","0.00037650","19851587"
1776781800000,"0.00037651","0.00037799","0.00037369","0.00037598","26712051"
1776781860000,"0.00037260","0.00037739","0.00037218","0.00037370","9626917"
1776781920000,"0.00037697","0.00038038","0.00037444","0.00037753","6706809"
1776781980000,"0.00038045","0.00038178","0.00037801","0.00037801","5879447"
1776782040000,"0.00037803","0.00037960","0.00037803","0.00037960","234101"
1776782100000,"0.00038218","0.00038580","0.00037961","0.00037961","10322003"
1776782160000,"0.00037961","0.00038410","0.00037905","0.00037905","7359494"
1776782220000,"0.00037905","0.00037908","0.00037905","0.00037908","2036423"
1776782280000,"0.00037908","0.00038160","0.00037489","0.00037668","15956189"
1776782340000,"0.00037667","0.00037900","0.00036827","0.00037519","65887341"
1776782400000,"0.00037199","0.00037199","0.00037188","0.00037188","910000"
1776782460000,"0.00037198","0.00037920","0.00037194","0.00037920","3543743"
1776782520000,"0.00037440","0.00037919","0.00037190","0.00037586","4620039"
1776782580000,"0.00037547","0.00037547","0.00037430","0.00037430","815047"
1776782640000,"0.00037491","0.00037728","0.00037491","0.00037587","290000"
1776782700000,"0.00037692","0.00037827","0.00037603","0.00037603","1334535"
1776782760000,"0.00037588","0.00037588","0.00037176","0.00037176","1548639"
1776782820000,"0.00037199","0.00037200","0.00037198","0.00037200","7218031"
1776782880000,"0.00037200","0.00037200","0.00036711","0.00036711","5239881"
1776782940000,"0.00036690","0.00037223","0.00036690","0.00036691","2934764"
1776783000000,"0.00036690","0.00036869","0.00035954","0.00036271","94968691"
1776783060000,"0.00036272","0.00036991","0.00035800","0.00036001","57292038"
1776783120000,"0.00036449","0.00036640","0.00035880","0.00036252","44304493"
1776783180000,"0.00036200","0.00036267","0.00036200","0.00036264","1569955"
1776783240000,"0.00036052","0.00036052","0.00035747","0.00035747","15161747"
1776783300000,"0.00035950","0.00035997","0.00035300","0.00035588","67296262"
1776783360000,"0.00035590","0.00036597","0.00035481","0.00036244","51270980"
1776783420000,"0.00036400","0.00037110","0.00036284","0.00036322","47009265"
1776783480000,"0.00036322","0.00036495","0.00036016","0.00036045","3570786"
1776783540000,"0.00036045","0.00036450","0.00036045","0.00036360","7281326"
1776783600000,"0.00036360","0.00036614","0.00036286","0.00036614","23210413"
1776783660000,"0.00036450","0.00036750","0.00035520","0.00036520","21806095"
1776783720000,"0.00036520","0.00037080","0.00036340","0.00037000","5824369"
1776783780000,"0.00036999","0.00037308","0.00036850","0.00037308","5982770"
1776783840000,"0.00037585","0.00037586","0.00036923","0.00036974","4607674"
1776783900000,"0.00036975","0.00037360","0.00036975","0.00037360","2614331"
1776783960000,"0.00037201","0.00037201","0.00036588","0.00036661","5232899"
1776784020000,"0.00036800","0.00037076","0.00036090","0.00036091","5840943"
1776784080000,"0.00036091","0.00036960","0.00035481","0.00036105","53058570"
1776784140000,"0.00036105","0.00036428","0.00036101","0.00036299","9223407"
1776784200000,"0.00036298","0.00036580","0.00036120","0.00036120","19753457"
1776784260000,"0.00036120","0.00036405","0.00035692","0.00035806","41002178"
1776784320000,"0.00035806","0.00035980","0.00035782","0.00035869","2833536"
1776784380000,"0.00035869","0.00036098","0.00035869","0.00035920","17492570"
1776784440000,"0.00035921","0.00035921","0.00035780","0.00035780","17643615"
1776784500000,"0.00035780","0.00035954","0.00035780","0.00035780","11286197"
1776784560000,"0.00035780","0.00035817","0.00035780","0.00035780","12421708"
1776784620000,"0.00035780","0.00035900","0.00035780","0.00035780","72550768"
1776784680000,"0.00035781","0.00035821","0.00035780","0.00035820","10312446"
1776784740000,"0.00035822","0.00035860","0.00035780","0.00035780","16809630"
1776784800000,"0.00035780","0.00036180","0.00035780","0.00036040","28135251"
1776784860000,"0.00036040","0.00036540","0.00036011","0.00036180","15463670"
1776784920000,"0.00036180","0.00037000","0.00036140","0.00036717","47191210"
1776784980000,"0.00036783","0.00036800","0.00036322","0.00036605","18398794"
1776785040000,"0.00036720","0.00036999","0.00036451","0.00036688","10347956"
1776785100000,"0.00036720","0.00036840","0.00036322","0.00036800","4294987"
1776785160000,"0.00036783","0.00036900","0.00036330","0.00036480","22075933"
1776785220000,"0.00036560","0.00036620","0.00036270","0.00036270","3586268"
1776785280000,"0.00036400","0.00036560","0.00036390","0.00036390","1802806"
1776785340000,"0.00036320","0.00036390","0.00036270","0.00036270","797540"
1776785400000,"0.00036270","0.00036270","0.00036270","0.00036270","0"
1776785460000,"0.00036390","0.00036484","0.00036390","0.00036484","2450000"
1776785520000,"0.00036500","0.00036500","0.00036500","0.00036500","56645"
1776785580000,"0.00036500","0.00036780","0.00036096","0.00036360","32118303"
1776785640000,"0.00036359","0.00036500","0.00036359","0.00036500","14301460"
1776785700000,"0.00036420","0.00036480","0.00036400","0.00036402","1912936"
1776785760000,"0.00036480","0.00036480","0.00036400","0.00036400","18567951"
1776785820000,"0.00036400","0.00036400","0.00035682","0.00035874","16836663"
1776785880000,"0.00035900","0.00035970","0.00035474","0.00035730","40177290"
1776785940000,"0.00035681","0.00035681","0.00035481","0.00035481","2013099"
1776786000000,"0.00035440","0.00035539","0.00035000","0.00035000","75383038"
1776786060000,"0.00035001","0.00035041","0.00034350","0.00034859","101101045"
1776786120000,"0.00034830","0.00034918","0.00034660","0.00034918","26468437"
1776786180000,"0.00034960","0.00035580","0.00034701","0.00035000","29261525"
1776786240000,"0.00035000","0.00035000","0.00034660","0.00034971","63466708"
1776786300000,"0.00035039","0.00035600","0.00035039","0.00035600","16280680"
1776786360000,"0.00035577","0.00035794","0.00035201","0.00035360","19912263"
1776786420000,"0.00035430","0.00035550","0.00035390","0.00035400","7464855"
1776786480000,"0.00035500","0.00035600","0.00035400","0.00035594","8351291"
1776786540000,"0.00035542","0.00036147","0.00035542","0.00035906","8735366"
1776786600000,"0.00035906","0.00035906","0.00035600","0.00035600","6403619"
1776786660000,"0.00035600","0.00036556","0.00035600","0.00036191","13030820"
1776786720000,"0.00036320","0.00036600","0.00036315","0.00036399","8740714"
1776786780000,"0.00036398","0.00036398","0.00036000","0.00036010","5426780"
1776786840000,"0.00036010","0.00036383","0.00036010","0.00036383","3105213"
1776786900000,"0.00036383","0.00036600","0.00036010","0.00036319","14374349"
1776786960000,"0.00036160","0.00036160","0.00036001","0.00036010","6342372"
1776787020000,"0.00036011","0.00036011","0.00036000","0.00036000","10786507"
1776787080000,"0.00036011","0.00036011","0.00036000","0.00036000","8176001"
1776787140000,"0.00036000","0.00036010","0.00036000","0.00036000","17402406"
1776787200000,"0.00036000","0.00036120","0.00035544","0.00035760","9710608"
1776787260000,"0.00035918","0.00036045","0.00035918","0.00036045","4491563"
1776787320000,"0.00036036","0.00036540","0.00035784","0.00036332","8717982"
1776787380000,"0.00036350","0.00036666","0.00036286","0.00036559","8625977"
1776787440000,"0.00036560","0.00036666","0.00036560","0.00036666","1591206"
1776787500000,"0.00036560","0.00036560","0.00036373","0.00036373","1150000"
1776787560000,"0.00036480","0.00036600","0.00036220","0.00036220","5330425"
1776787620000,"0.00036320","0.00036428","0.00036204","0.00036204","6569348"
1776787680000,"0.00036190","0.00036324","0.00036139","0.00036190","5900000"
1776787740000,"0.00036287","0.00036320","0.00036252","0.00036320","481093"
1776787800000,"0.00036300","0.00036320","0.00036300","0.00036320","1122828"
1776787860000,"0.00036320","0.00036320","0.00036231","0.00036299","5196849"
1776787920000,"0.00036300","0.00036540","0.00036160","0.00036540","3462061"
1776787980000,"0.00036540","0.00037077","0.00036540","0.00037077","5034332"
1776788040000,"0.00037069","0.00037740","0.00036864","0.00037100","34410759"
1776788100000,"0.00037100","0.00037500","0.00037100","0.00037120","7090493"
1776788160000,"0.00037260","0.00037440","0.00037101","0.00037101","6182660"
1776788220000,"0.00037200","0.00037692","0.00037160","0.00037393","11910050"
1776788280000,"0.00037360","0.00037440","0.00037255","0.00037440","2628283"
1776788340000,"0.00037440","0.00037680","0.00037357","0.00037600","9912368"
1776788400000,"0.00037600","0.00037767","0.00037281","0.00037281","13635692"
1776788460000,"0.00037280","0.00037471","0.00037109","0.00037280","10000762"
1776788520000,"0.00037281","0.00037519","0.00036840","0.00036960","14589482"
1776788580000,"0.00037040","0.00037200","0.00036991","0.00036993","6356363"
1776788640000,"0.00037120","0.00037160","0.00036720","0.00036984","6532553"
1776788700000,"0.00036881","0.00036897","0.00036390","0.00036565","9046339"
1776788760000,"0.00036560","0.00037018","0.00036115","0.00036320","19626694"
1776788820000,"0.00036320","0.00036320","0.00036320","0.00036320","0"
1776788880000,"0.00036400","0.00036749","0.00036041","0.00036749","10087504"
1776788940000,"0.00036749","0.00036749","0.00036749","0.00036749","0"
1776789000000,"0.00036641","0.00036641","0.00036000","0.00036472","2581140"
1776789060000,"0.00036472","0.00036472","0.00036472","0.00036472","0"
1776789120000,"0.00036480","0.00037096","0.00036018","0.00036018","10979577"
1776789180000,"0.00036038","0.00036081","0.00036000","0.00036052","9793289"
1776789240000,"0.00036129","0.00036238","0.00036128","0.00036238","2200000"
1776789300000,"0.00036134","0.00036134","0.00036000","0.00036000","2887894"
1776789360000,"0.00036000","0.00036000","0.00036000","0.00036000","300000"
1776789420000,"0.00036000","0.00036000","0.00035360","0.00035360","6292135"
1776789480000,"0.00035440","0.00035582","0.00035240","0.00035270","2813294"
1776789540000,"0.00035345","0.00035345","0.00035341","0.00035341","6690156"
1776789600000,"0.00035200","0.00035200","0.00034706","0.00034706","11411956"
1776789660000,"0.00034800","0.00034988","0.00034700","0.00034897","2928170"
1776789720000,"0.00034917","0.00034917","0.00034660","0.00034800","6403668"
1776789780000,"0.00034880","0.00034897","0.00034880","0.00034896","6426662"
1776789840000,"0.00034800","0.00034824","0.00034660","0.00034660","6980336"
1776789900000,"0.00034790","0.00034976","0.00034790","0.00034976","7262590"
1776789960000,"0.00035038","0.00035538","0.00034800","0.00035200","25159214"
1776790020000,"0.00035200","0.00035707","0.00035200","0.00035528","5213187"
1776790080000,"0.00035530","0.00035787","0.00035529","0.00035635","2712460"
1776790140000,"0.00035635","0.00035635","0.00035635","0.00035635","0"
1776790200000,"0.00035760","0.00035844","0.00035041","0.00035041","14965924"
1776790260000,"0.00035040","0.00035040","0.00034667","0.00034749","3320192"
1776790320000,"0.00034880","0.00035136","0.00034880","0.00035136","241006"
1776790380000,"0.00035136","0.00035136","0.00035136","0.00035136","0"
1776790440000,"0.00035041","0.00035518","0.00035041","0.00035518","2545420"
1776790500000,"0.00035518","0.00035518","0.00035518","0.00035518","0"
1776790560000,"0.00035363","0.00035680","0.00035363","0.00035680","93393"
1776790620000,"0.00035760","0.00035880","0.00035661","0.00035680","2221904"
1776790680000,"0.00035840","0.00036021","0.00035840","0.00036021","18047291"
1776790740000,"0.00036080","0.00036649","0.00035920","0.00035985","18851011"
1776790800000,"0.00035948","0.00036840","0.00035823","0.00036634","5064985"
1776790860000,"0.00036634","0.00036640","0.00036400","0.00036480","4255273"
1776790920000,"0.00036480","0.00036480","0.00036480","0.00036480","0"
1776790980000,"0.00036402","0.00036402","0.00036402","0.00036402","200000"
1776791040000,"0.00036400","0.00036400","0.00036080","0.00036080","850000"
1776791100000,"0.00036240","0.00036595","0.00036240","0.00036401","756470"
1776791160000,"0.00036401","0.00036640","0.00036401","0.00036477","591800"
1776791220000,"0.00036435","0.00036435","0.00036321","0.00036321","3856120"
1776791280000,"0.00036321","0.00036321","0.00036321","0.00036321","0"
1776791340000,"0.00036321","0.00036321","0.00036321","0.00036321","0"
1776791400000,"0.00036479","0.00036479","0.00036479","0.00036479","150000"
1776791460000,"0.00036320","0.00036595","0.00035948","0.00036595","1884998"
1776791520000,"0.00036482","0.00037030","0.00036482","0.00036881","6110987"
1776791580000,"0.00037040","0.00037120","0.00036598","0.00036598","15511295"
1776791640000,"0.00036598","0.00036598","0.00036598","0.00036598","0"
1776791700000,"0.00036598","0.00036598","0.00036598","0.00036598","3390762"
1776791760000,"0.00036598","0.00036598","0.00036598","0.00036598","2290000"
1776791820000,"0.00036598","0.00036598","0.00036598","0.00036598","139078"
1776791880000,"0.00036598","0.00036598","0.00036596","0.00036596","1607642"
1776791940000,"0.00036598","0.00036598","0.00036598","0.00036598","2296117"
1776792000000,"0.00036720","0.00036720","0.00036720","0.00036720","21123"
1776792060000,"0.00036642","0.00036880","0.00036642","0.00036721","1127233"
1776792120000,"0.00036722","0.00036722","0.00036722","0.00036722","500000"
1776792180000,"0.00036722","0.00036722","0.00036722","0.00036722","0"
1776792240000,"0.00036880","0.00037360","0.00036722","0.00037111","2067484"
1776792300000,"0.00037200","0.00037418","0.00037200","0.00037358","5586306"
1776792360000,"0.00037360","0.00037439","0.00037289","0.00037419","4220688"
1776792420000,"0.00037419","0.00038331","0.00035995","0.00037587","49823003"
1776792480000,"0.00037587","0.00037719","0.00037300","0.00037363","10769798"
1776792540000,"0.00037363","0.00037363","0.00037200","0.00037363","7966330"
1776792600000,"0.00037280","0.00037506","0.00037211","0.00037506","4728729"
1776792660000,"0.00037520","0.00037719","0.00037520","0.00037719","3190000"
1776792720000,"0.00037718","0.00037781","0.00037716","0.00037781","10725632"
1776792780000,"0.00037840","0.00038440","0.00037547","0.00038160","29558809"
1776792840000,"0.00038160","0.00038239","0.00037999","0.00038038","3688899"
1776792900000,"0.00038079","0.00038400","0.00037752","0.00038400","11962003"
1776792960000,"0.00038400","0.00038940","0.00038400","0.00038519","54195217"
1776793020000,"0.00038519","0.00038520","0.00038284","0.00038511","5006256"
1776793080000,"0.00038510","0.00039153","0.00038280","0.00038750","14958054"
1776793140000,"0.00038750","0.00039300","0.00038750","0.00038888","12190038"
1776793200000,"0.00039040","0.00039192","0.00038729","0.00038729","11819526"
1776793260000,"0.00038880","0.00039538","0.00038880","0.00039538","46611218"
1776793320000,"0.00039440","0.00039479","0.00038840","0.00038950","6365891"
1776793380000,"0.00038950","0.00038950","0.00038200","0.00038478","2596946"
1776793440000,"0.00038320","0.00038440","0.00038158","0.00038437","5848004"
1776793500000,"0.00038320","0.00038559","0.00037783","0.00038307","9482273"
1776793560000,"0.00038320","0.00038436","0.00038307","0.00038399","18569323"
1776793620000,"0.00038400","0.00038550","0.00038334","0.00038454","10676526"
1776793680000,"0.00038400","0.00038400","0.00038240","0.00038240","8609265"
1776793740000,"0.00038240","0.00038240","0.00038240","0.00038240","0"
1776793800000,"0.00038160","0.00038160","0.00037924","0.00037924","66909"
1776793860000,"0.00037924","0.00038359","0.00037726","0.00037760","6442890"
1776793920000,"0.00037799","0.00037969","0.00037332","0.00037969","7357479"
1776793980000,"0.00038000","0.00038000","0.00037700","0.00037879","1896404"
1776794040000,"0.00037879","0.00037879","0.00037606","0.00037606","3565596"
1776794100000,"0.00037760","0.00037830","0.00037360","0.00037440","1754366"
1776794160000,"0.00037440","0.00037565","0.00037360","0.00037519","4976576"
1776794220000,"0.00037489","0.00037490","0.00037487","0.00037487","1865936"
1776794280000,"0.00037486","0.00037500","0.00037484","0.00037500","10220724"
1776794340000,"0.00037500","0.00038696","0.00037029","0.00038080","26204548"
1776794400000,"0.00038136","0.00038249","0.00037632","0.00037640","3533681"
1776794460000,"0.00037745","0.00037750","0.00037446","0.00037446","7165166"
1776794520000,"0.00037445","0.00037446","0.00037445","0.00037446","4559786"
1776794580000,"0.00037445","0.00037750","0.00037445","0.00037749","6004275"
1776794640000,"0.00037750","0.00038160","0.00037451","0.00037840","4149024"
1776794700000,"0.00037875","0.00037924","0.00037767","0.00037785","7240493"
1776794760000,"0.00037920","0.00037955","0.00037260","0.00037580","7685873"
1776794820000,"0.00037580","0.00037677","0.00037545","0.00037545","315860"
1776794880000,"0.00037679","0.00037821","0.00037530","0.00037530","910408"
1776794940000,"0.00037677","0.00037679","0.00037409","0.00037560","810775"
1776795000000,"0.00037560","0.00037561","0.00037450","0.00037450","343705"
1776795060000,"0.00037560","0.00037560","0.00037548","0.00037549","281883"
1776795120000,"0.00037549","0.00037549","0.00037200","0.00037217","582930"
1776795180000,"0.00037359","0.00037530","0.00036438","0.00036631","71443183"
1776795240000,"0.00036720","0.00037240","0.00036481","0.00037000","20136303"
1776795300000,"0.00037000","0.00037019","0.00036678","0.00036948","10041395"
1776795360000,"0.00036929","0.00036959","0.00036929","0.00036959","2046137"
1776795420000,"0.00036959","0.00037019","0.00036437","0.00036949","26684056"
1776795480000,"0.00036949","0.00037560","0.00036750","0.00037440","8923283"
1776795540000,"0.00037440","0.00037519","0.00037230","0.00037499","2372279"
1776795600000,"0.00037500","0.00038100","0.00037500","0.00037785","5840643"
1776795660000,"0.00037920","0.00038185","0.00037840","0.00038098","3825693"
1776795720000,"0.00038159","0.00038209","0.00037904","0.00037999","3360545"
1776795780000,"0.00037999","0.00038076","0.00037920","0.00038075","6444709"
1776795840000,"0.00038075","0.00038636","0.00037530","0.00038583","15542450"
1776795900000,"0.00038480","0.00038645","0.00038285","0.00038524","4144603"
1776795960000,"0.00038470","0.00038470","0.00038240","0.00038399","4179541"
1776796020000,"0.00038315","0.00038370","0.00038080","0.00038237","6917696"
1776796080000,"0.00038240","0.00038240","0.00037920","0.00037990","1218792"
1776796140000,"0.00038000","0.00038000","0.00037607","0.00037760","3189981"
1776796200000,"0.00037840","0.00038640","0.00037840","0.00038558","3112684"
1776796260000,"0.00038541","0.00038541","0.00038279","0.00038279","962416"
1776796320000,"0.00038279","0.00038485","0.00038004","0.00038177","5444001"
1776796380000,"0.00038160","0.00038160","0.00038047","0.00038047","262013"
1776796440000,"0.00038160","0.00038239","0.00037866","0.00038191","2131130"
1776796500000,"0.00038240","0.00038373","0.00038240","0.00038264","1248509"
1776796560000,"0.00038399","0.00038399","0.00038180","0.00038180","1606280"
1776796620000,"0.00038248","0.00038248","0.00038075","0.00038075","1300000"
1776796680000,"0.00038003","0.00038003","0.00036939","0.00037278","53811288"
1776796740000,"0.00037278","0.00037440","0.00036960","0.00037437","10351325"
1776796800000,"0.00037399","0.00037570","0.00036680","0.00037206","12963202"
1776796860000,"0.00037206","0.00037280","0.00036720","0.00036720","6512679"
1776796920000,"0.00036720","0.00036720","0.00036000","0.00036615","22561140"
1776796980000,"0.00036640","0.00036800","0.00036560","0.00036560","1412046"
1776797040000,"0.00036524","0.00036547","0.00036510","0.00036547","876684"
1776797100000,"0.00036480","0.00036480","0.00035761","0.00036240","50481499"
1776797160000,"0.00036176","0.00037403","0.00035760","0.00036801","51933660"
1776797220000,"0.00036959","0.00037167","0.00036882","0.00037167","2376058"
1776797280000,"0.00037200","0.00037476","0.00037164","0.00037282","16751427"
1776797340000,"0.00037282","0.00037389","0.00037282","0.00037389","26822"
1776797400000,"0.00037394","0.00037425","0.00037280","0.00037280","36979"
1776797460000,"0.00037394","0.00037425","0.00037394","0.00037425","16270"
1776797520000,"0.00037425","0.00037425","0.00037425","0.00037425","16142"
1776797580000,"0.00037425","0.00037440","0.00037280","0.00037394","57375"
1776797640000,"0.00037440","0.00037520","0.00037440","0.00037520","20579"
1776797700000,"0.00037520","0.00037660","0.00037520","0.00037660","1482886"
1776797760000,"0.00037659","0.00037700","0.00037610","0.00037700","8358161"
1776797820000,"0.00037700","0.00038100","0.00037609","0.00038100","2039437"
1776797880000,"0.00038100","0.00038958","0.00038006","0.00038480","41534344"
1776797940000,"0.00038438","0.00038720","0.00038376","0.00038643","11320337"
1776798000000,"0.00038643","0.00039253","0.00038642","0.00039192","22289307"
1776798060000,"0.00039168","0.00039180","0.00038820","0.00038820","1126765"
1776798120000,"0.00038960","0.00039395","0.00038950","0.00039360","15358558"
1776798180000,"0.00039395","0.00039578","0.00039247","0.00039247","3177515"
1776798240000,"0.00039360","0.00039420","0.00038560","0.00038920","4648321"
1776798300000,"0.00038952","0.00039976","0.00038952","0.00039528","25288752"
1776798360000,"0.00039440","0.00039615","0.00039398","0.00039615","21492918"
1776798420000,"0.00039653","0.00042000","0.00039450","0.00040134","95521752"
1776798480000,"0.00040240","0.00041123","0.00040240","0.00040400","27668602"
1776798540000,"0.00040526","0.00040612","0.00040102","0.00040179","6624421"
1776798600000,"0.00040301","0.00040560","0.00040200","0.00040326","5537843"
1776798660000,"0.00040328","0.00040506","0.00040326","0.00040326","5608329"
1776798720000,"0.00040328","0.00040499","0.00040326","0.00040438","8468448"
1776798780000,"0.00040341","0.00040480","0.00039792","0.00040265","15277970"
1776798840000,"0.00040265","0.00040320","0.00040091","0.00040320","13311394"
1776798900000,"0.00040352","0.00040507","0.00039613","0.00039799","26987945"
1776798960000,"0.00039917","0.00040028","0.00039646","0.00039891","6091114"
1776799020000,"0.00039917","0.00039917","0.00039891","0.00039912","355472"
1776799080000,"0.00039917","0.00040145","0.00039917","0.00040000","849795"
1776799140000,"0.00040091","0.00040230","0.00039752","0.00039753","5484932"
1776799200000,"0.00039753","0.00040160","0.00039579","0.00039895","11514683"
1776799260000,"0.00039840","0.00039916","0.00039761","0.00039770","975512"
1776799320000,"0.00039770","0.00039770","0.00039180","0.00039180","2284379"
1776799380000,"0.00039280","0.00039451","0.00039280","0.00039395","3286096"
1776799440000,"0.00039297","0.00039440","0.00039280","0.00039373","399892"
1776799500000,"0.00039373","0.00039373","0.00039373","0.00039373","0"
1776799560000,"0.00039395","0.00039405","0.00039395","0.00039405","134980"
1776799620000,"0.00039440","0.00039830","0.00039440","0.00039830","431509"
1776799680000,"0.00039682","0.00040380","0.00039682","0.00039924","18682003"
1776799740000,"0.00039921","0.00039959","0.00039873","0.00039890","925243"
1776799800000,"0.00039960","0.00040060","0.00039600","0.00039731","2304515"
1776799860000,"0.00039601","0.00039760","0.00039521","0.00039760","3472995"
1776799920000,"0.00039830","0.00039900","0.00039760","0.00039812","3601733"
1776799980000,"0.00039812","0.00039812","0.00039812","0.00039812","0"
1776800040000,"0.00039839","0.00039839","0.00039793","0.00039793","190603"
1776800100000,"0.00039745","0.00039900","0.00039660","0.00039660","6625367"
1776800160000,"0.00039660","0.00039661","0.00039240","0.00039242","11765158"
1776800220000,"0.00039240","0.00039240","0.00038600","0.00038840","12490420"
1776800280000,"0.00038840","0.00038960","0.00038601","0.00038850","10016189"
1776800340000,"0.00038880","0.00039193","0.00038880","0.00039193","3956409"
1776800400000,"0.00039192","0.00039900","0.00037660","0.00038000","113430756"
1776800460000,"0.00037979","0.00038321","0.00037774","0.00038320","22169284"
1776800520000,"0.00038320","0.00038350","0.00037985","0.00038041","12958525"
1776800580000,"0.00038157","0.00038473","0.00037905","0.00038143","7282288"
1776800640000,"0.00038167","0.00038167","0.00036094","0.00036325","176450514"
1776800700000,"0.00036325","0.00036746","0.00033305","0.00034273","494934155"
1776800760000,"0.00034273","0.00034650","0.00032577","0.00033099","343100190"
1776800820000,"0.00033099","0.00034188","0.00032169","0.00034000","327648216"
1776800880000,"0.00033935","0.00035931","0.00033690","0.00035654","101352949"
1776800940000,"0.00035650","0.00036000","0.00034717","0.00035756","70587198"
1776801000000,"0.00035740","0.00036436","0.00035552","0.00036409","75594065"
1776801060000,"0.00036437","0.00036900","0.00036218","0.00036720","96864637"
1776801120000,"0.00036720","0.00036770","0.00035875","0.00036218","29789503"
1776801180000,"0.00036218","0.00036400","0.00035893","0.00036228","24886090"
1776801240000,"0.00036227","0.00036280","0.00035664","0.00035960","23425428"
1776801300000,"0.00035959","0.00036000","0.00035848","0.00035998","39990821"
1776801360000,"0.00035920","0.00036000","0.00035710","0.00035940","30454983"
1776801420000,"0.00035840","0.00036869","0.00035784","0.00036166","84616765"
1776801480000,"0.00036089","0.00036499","0.00035600","0.00035900","23149248"
1776801540000,"0.00036000","0.00036420","0.00035000","0.00035828","22189848"
1776801600000,"0.00035853","0.00036690","0.00035853","0.00036218","10759701"
1776801660000,"0.00036263","0.00036500","0.00035790","0.00035819","8207491"
1776801720000,"0.00035790","0.00036262","0.00035563","0.00035800","16392269"
1776801780000,"0.00035800","0.00035983","0.00035188","0.00035629","15956362"
1776801840000,"0.00035502","0.00036096","0.00035490","0.00035741","11936321"
1776801900000,"0.00035900","0.00036000","0.00035670","0.00036000","9556132"
1776801960000,"0.00035999","0.00036264","0.00035688","0.00036197","10320692"
1776802020000,"0.00036263","0.00036826","0.00036000","0.00036610","22207607"
1776802080000,"0.00036610","0.00036899","0.00036328","0.00036328","15029127"
1776802140000,"0.00036437","0.00036810","0.00035986","0.00036457","17046666"
1776802200000,"0.00036456","0.00036900","0.00036404","0.00036898","24142421"
1776802260000,"0.00036899","0.00037500","0.00036869","0.00037393","42091358"
1776802320000,"0.00037380","0.00037801","0.00036540","0.00036900","17744178"
1776802380000,"0.00036900","0.00037064","0.00036750","0.00036956","6457167"
1776802440000,"0.00036955","0.00037006","0.00036840","0.00036959","572638"
1776802500000,"0.00037000","0.00037169","0.00036917","0.00037169","345720"
1776802560000,"0.00037166","0.00037184","0.00036840","0.00037141","6013527"
1776802620000,"0.00037140","0.00037223","0.00036524","0.00036797","8230345"
1776802680000,"0.00036800","0.00037141","0.00036580","0.00036786","14243018"
1776802740000,"0.00036900","0.00036992","0.00036611","0.00036611","2206348"
1776802800000,"0.00036784","0.00036834","0.00036784","0.00036834","3271361"
1776802860000,"0.00036834","0.00037117","0.00036745","0.00036900","7565372"
1776802920000,"0.00036890","0.00037035","0.00036800","0.00036931","5995954"
1776802980000,"0.00036957","0.00036958","0.00036957","0.00036957","1016348"
1776803040000,"0.00036957","0.00036957","0.00036957","0.00036957","0"
1776803100000,"0.00036929","0.00036929","0.00036801","0.00036801","5788875"
1776803160000,"0.00036930","0.00037992","0.00036500","0.00037440","9108590"
1776803220000,"0.00037510","0.00037694","0.00037456","0.00037481","1760243"
1776803280000,"0.00037482","0.00037757","0.00037149","0.00037291","2597774"
1776803340000,"0.00037221","0.00038003","0.00036655","0.00037534","26374355"
1776803400000,"0.00037654","0.00037851","0.00037357","0.00037685","1950416"
1776803460000,"0.00037569","0.00037654","0.00037500","0.00037500","1563333"
1776803520000,"0.00037654","0.00037654","0.00037500","0.00037500","574614"
1776803580000,"0.00037500","0.00037500","0.00037307","0.00037307","190000"
1776803640000,"0.00037307","0.00037391","0.00036726","0.00036850","8983918"
1776803700000,"0.00036959","0.00037100","0.00036900","0.00037000","780799"
1776803760000,"0.00037000","0.00037099","0.00037000","0.00037000","139161"
1776803820000,"0.00037000","0.00037000","0.00037000","0.00037000","0"
1776803880000,"0.00037100","0.00037132","0.00037000","0.00037000","396349"
1776803940000,"0.00037000","0.00037045","0.00036885","0.00036885","270000"
1776804000000,"0.00036872","0.00036872","0.00036660","0.00036660","3517058"
1776804060000,"0.00036611","0.00036611","0.00036014","0.00036200","5335115"
1776804120000,"0.00036180","0.00036387","0.00036000","0.00036387","5268659"
1776804180000,"0.00036387","0.00036652","0.00036257","0.00036650","1435472"
1776804240000,"0.00036600","0.00036608","0.00035841","0.00036300","5277927"
1776804300000,"0.00036300","0.00036315","0.00035532","0.00035532","1935310"
1776804360000,"0.00035580","0.00035880","0.00035580","0.00035880","1233464"
1776804420000,"0.00035880","0.00036195","0.00035880","0.00036021","7261900"
1776804480000,"0.00036089","0.00036097","0.00035838","0.00036012","429455"
1776804540000,"0.00036089","0.00036351","0.00036089","0.00036351","2818291"
1776804600000,"0.00036387","0.00036993","0.00036387","0.00036724","2915278"
1776804660000,"0.00036872","0.00036972","0.00036465","0.00036465","1780734"
1776804720000,"0.00036599","0.00036775","0.00036513","0.00036700","3300946"
1776804780000,"0.00036700","0.00036774","0.00036270","0.00036351","1272496"
1776804840000,"0.00036350","0.00036436","0.00036314","0.00036320","2373270"
1776804900000,"0.00036302","0.00036595","0.00036259","0.00036437","1265991"
1776804960000,"0.00036521","0.00036521","0.00036208","0.00036486","529092"
1776805020000,"0.00036498","0.00036524","0.00036176","0.00036299","3491183"
1776805080000,"0.00036299","0.00036299","0.00036193","0.00036193","30000"
1776805140000,"0.00036176","0.00036280","0.00035800","0.00035999","8324306"
1776805200000,"0.00035998","0.00035998","0.00035340","0.00035600","4615346"
1776805260000,"0.00035737","0.00035776","0.00035600","0.00035776","630000"
1776805320000,"0.00035797","0.00035880","0.00035597","0.00035789","2011742"
1776805380000,"0.00035900","0.00036120","0.00035800","0.00035800","2051386"
1776805440000,"0.00035800","0.00036244","0.00035000","0.00035310","14858930"
1776805500000,"0.00035417","0.00035417","0.00035082","0.00035125","2042399"
1776805560000,"0.00035046","0.00035238","0.00034173","0.00034807","49087583"
1776805620000,"0.00034807","0.00035199","0.00034807","0.00034987","3938877"
1776805680000,"0.00034958","0.00035334","0.00034700","0.00034916","5182532"
1776805740000,"0.00034957","0.00034980","0.00034795","0.00034795","1636674"
1776805800000,"0.00034784","0.00034784","0.00034064","0.00034064","20438458"
1776805860000,"0.00034023","0.00034044","0.00033500","0.00033512","58188088"
1776805920000,"0.00033500","0.00034544","0.00033024","0.00033652","58312102"
1776805980000,"0.00033500","0.00033683","0.00033002","0.00033258","20856628"
1776806040000,"0.00033131","0.00034349","0.00033000","0.00034076","17989379"
1776806100000,"0.00034056","0.00034370","0.00033964","0.00034175","15629606"
1776806160000,"0.00034088","0.00034400","0.00034060","0.00034194","23892713"
1776806220000,"0.00034300","0.00034600","0.00034300","0.00034438","1366431"
1776806280000,"0.00034438","0.00034700","0.00034438","0.00034699","8072891"
1776806340000,"0.00034610","0.00034610","0.00034531","0.00034531","40000"
1776806400000,"0.00034696","0.00034700","0.00034523","0.00034523","3026713"
1776806460000,"0.00034697","0.00034700","0.00034691","0.00034692","1712513"
1776806520000,"0.00034610","0.00034699","0.00034488","0.00034699","857801"
1776806580000,"0.00034699","0.00034700","0.00034699","0.00034699","5398047"
1776806640000,"0.00034680","0.00034680","0.00033383","0.00033891","9649593"
1776806700000,"0.00033827","0.00034429","0.00033712","0.00034050","12793054"
1776806760000,"0.00034175","0.00034328","0.00034056","0.00034200","399194"
1776806820000,"0.00034200","0.00034313","0.00034200","0.00034312","2562813"
1776806880000,"0.00034349","0.00034773","0.00034349","0.00034773","1726056"
1776806940000,"0.00034784","0.00035090","0.00034738","0.00035090","2703008"
1776807000000,"0.00035100","0.00035313","0.00035043","0.00035046","6010633"
1776807060000,"0.00035200","0.00035389","0.00035068","0.00035200","1374654"
1776807120000,"0.00035200","0.00035525","0.00035200","0.00035402","2655896"
1776807180000,"0.00035402","0.00035402","0.00035402","0.00035402","0"
1776807240000,"0.00035525","0.00035676","0.00035313","0.00035313","442495"
1776807300000,"0.00035460","0.00035460","0.00034986","0.00034986","1418542"
1776807360000,"0.00035097","0.00035097","0.00035097","0.00035097","138186"
1776807420000,"0.00035046","0.00035362","0.00034800","0.00035200","976900"
1776807480000,"0.00035200","0.00035453","0.00034400","0.00034638","8789589"
1776807540000,"0.00034697","0.00035045","0.00034697","0.00034900","523886"
1776807600000,"0.00035000","0.00035132","0.00035000","0.00035132","102743"
1776807660000,"0.00035132","0.00035393","0.00035132","0.00035393","153670"
1776807720000,"0.00035393","0.00035444","0.00035252","0.00035252","1464255"
1776807780000,"0.00035340","0.00035340","0.00034497","0.00034498","12099325"
1776807840000,"0.00034579","0.00034579","0.00034057","0.00034130","5991908"
1776807900000,"0.00034148","0.00034524","0.00034148","0.00034356","1456581"
1776807960000,"0.00034500","0.00034881","0.00033628","0.00034042","20825646"
1776808020000,"0.00034088","0.00034591","0.00033960","0.00034020","13489371"
1776808080000,"0.00034020","0.00034329","0.00034000","0.00034210","11244094"
1776808140000,"0.00034298","0.00034570","0.00034276","0.00034518","3444843"
1776808200000,"0.00034550","0.00034550","0.00034517","0.00034550","2816377"
1776808260000,"0.00034598","0.00034841","0.00034598","0.00034841","2340567"
1776808320000,"0.00034871","0.00036060","0.00034388","0.00035587","32628673"
1776808380000,"0.00035600","0.00036036","0.00034647","0.00035184","9832730"
1776808440000,"0.00035184","0.00035184","0.00035184","0.00035184","0"
1776808500000,"0.00035045","0.00035294","0.00035045","0.00035219","572659"
1776808560000,"0.00035220","0.00035220","0.00034784","0.00034784","1611746"
1776808620000,"0.00034700","0.00034748","0.00034417","0.00034610","5077788"
1776808680000,"0.00034600","0.00034600","0.00034400","0.00034400","89936"
1776808740000,"0.00034400","0.00034421","0.00034093","0.00034198","1917143"
1776808800000,"0.00034088","0.00034088","0.00034088","0.00034088","15991"
1776808860000,"0.00034001","0.00035031","0.00033255","0.00034426","33922240"
1776808920000,"0.00034436","0.00034624","0.00034304","0.00034526","1870380"
1776808980000,"0.00034525","0.00034525","0.00034524","0.00034525","733856"
1776809040000,"0.00034525","0.00034525","0.00034525","0.00034525","66123"
1776809100000,"0.00034525","0.00034525","0.00034436","0.00034523","674540"
1776809160000,"0.00034522","0.00034524","0.00034522","0.00034524","7172471"
1776809220000,"0.00034524","0.00035040","0.00034523","0.00034900","6303779"
1776809280000,"0.00034900","0.00034900","0.00034801","0.00034801","520000"
1776809340000,"0.00034800","0.00034800","0.00034650","0.00034650","1145472"
1776809400000,"0.00034784","0.00034861","0.00034784","0.00034861","451595"
1776809460000,"0.00034861","0.00034861","0.00034861","0.00034861","0"
1776809520000,"0.00034871","0.00035128","0.00034871","0.00034969","2216973"
1776809580000,"0.00034980","0.00035580","0.00034930","0.00035219","3532877"
1776809640000,"0.00035340","0.00035340","0.00034940","0.00035336","5693158"
1776809700000,"0.00035393","0.00035460","0.00035207","0.00035207","1744594"
1776809760000,"0.00035306","0.00035306","0.00035306","0.00035306","503641"
1776809820000,"0.00035219","0.00035219","0.00035114","0.00035114","1199080"
1776809880000,"0.00035219","0.00035340","0.00035219","0.00035340","2490666"
1776809940000,"0.00035340","0.00035340","0.00035340","0.00035340","30000"
1776810000000,"0.00035340","0.00035340","0.00035340","0.00035340","0"
1776810060000,"0.00035393","0.00035967","0.00035393","0.00035513","3650000"
1776810120000,"0.00035651","0.00036008","0.00035600","0.00035600","2560000"
1776810180000,"0.00035741","0.00035820","0.00035741","0.00035820","270000"
1776810240000,"0.00035828","0.00035847","0.00035828","0.00035846","330000"
1776810300000,"0.00035741","0.00035741","0.00035712","0.00035712","20000"
1776810360000,"0.00035712","0.00035712","0.00035712","0.00035712","1080000"
1776810420000,"0.00035712","0.00035740","0.00035600","0.00035600","7590061"
1776810480000,"0.00035601","0.00035601","0.00035250","0.00035250","756813"
1776810540000,"0.00035250","0.00035250","0.00034900","0.00035044","6883033"
1776810600000,"0.00035044","0.00035280","0.00034560","0.00034700","2601176"
1776810660000,"0.00034700","0.00034932","0.00034635","0.00034932","1791370"
1776810720000,"0.00034958","0.00035030","0.00034958","0.00034998","2461371"
1776810780000,"0.00034998","0.00035000","0.00034998","0.00034998","1258186"
1776810840000,"0.00034998","0.00034999","0.00034900","0.00034900","6550541"
1776810900000,"0.00034998","0.00035000","0.00034900","0.00035000","2300000"
1776810960000,"0.00034999","0.00035826","0.00034999","0.00035608","15455493"
1776811020000,"0.00035741","0.00035826","0.00035609","0.00035628","1496634"
1776811080000,"0.00035741","0.00036142","0.00035741","0.00036004","6994990"
1776811140000,"0.00036002","0.00036002","0.00035966","0.00035966","766273"
1776811200000,"0.00036089","0.00036857","0.00036053","0.00036857","13773563"
1776811260000,"0.00036700","0.00036887","0.00036300","0.00036468","7602523"
1776811320000,"0.00036469","0.00036785","0.00036459","0.00036526","15716302"
1776811380000,"0.00036698","0.00036841","0.00036698","0.00036701","1878198"
1776811440000,"0.00036872","0.00036960","0.00036708","0.00036960","765207"
1776811500000,"0.00036960","0.00037600","0.00036960","0.00037455","3398430"
1776811560000,"0.00037401","0.00037401","0.00037401","0.00037401","201119"
1776811620000,"0.00037568","0.00037654","0.00036785","0.00037159","17053869"
1776811680000,"0.00037046","0.00037046","0.00036854","0.00037012","611145"
1776811740000,"0.00037045","0.00037045","0.00036785","0.00036785","171065"
1776811800000,"0.00036785","0.00036785","0.00036785","0.00036785","0"
1776811860000,"0.00036819","0.00037500","0.00036818","0.00037133","1570000"
1776811920000,"0.00037298","0.00037425","0.00037298","0.00037425","238186"
1776811980000,"0.00037481","0.00037740","0.00037226","0.00037423","1376029"
1776812040000,"0.00037422","0.00037422","0.00037200","0.00037200","280233"
1776812100000,"0.00037306","0.00037306","0.00037133","0.00037133","3586987"
1776812160000,"0.00037100","0.00037200","0.00036911","0.00037074","2276581"
1776812220000,"0.00037199","0.00037199","0.00036705","0.00036705","1619583"
1776812280000,"0.00036870","0.00036870","0.00036870","0.00036870","100000"
1776812340000,"0.00036869","0.00036900","0.00036580","0.00036580","336174"
1776812400000,"0.00036698","0.00037000","0.00036698","0.00037000","2461282"
1776812460000,"0.00036872","0.00037050","0.00036832","0.00037050","1292020"
1776812520000,"0.00037100","0.00037140","0.00037080","0.00037080","80818"
1776812580000,"0.00037050","0.00037050","0.00036465","0.00036599","6352471"
1776812640000,"0.00036599","0.00036697","0.00036597","0.00036628","2336538"
1776812700000,"0.00036628","0.00036628","0.00035884","0.00036002","4152041"
1776812760000,"0.00035940","0.00036350","0.00035900","0.00036345","3151963"
1776812820000,"0.00036345","0.00036358","0.00036040","0.00036180","4947343"
1776812880000,"0.00036199","0.00036199","0.00035741","0.00035741","842963"
1776812940000,"0.00035898","0.00035898","0.00035556","0.00035653","5589291"
1776813000000,"0.00035651","0.00035653","0.00035651","0.00035652","13831947"
1776813060000,"0.00035520","0.00035564","0.00035480","0.00035564","122276"
1776813120000,"0.00035565","0.00035565","0.00035565","0.00035565","1878912"
1776813180000,"0.00035565","0.00035566","0.00035565","0.00035566","477679"
1776813240000,"0.00035564","0.00035564","0.00035564","0.00035564","154457"
1776813300000,"0.00035564","0.00035564","0.00035564","0.00035564","0"
1776813360000,"0.00035565","0.00035565","0.00035565","0.00035565","374842"
1776813420000,"0.00035400","0.00035664","0.00035236","0.00035664","4044482"
1776813480000,"0.00035698","0.00035858","0.00035698","0.00035858","2273650"
1776813540000,"0.00035858","0.00035858","0.00035858","0.00035858","0"
1776813600000,"0.00035858","0.00035858","0.00035858","0.00035858","0"
1776813660000,"0.00035858","0.00035858","0.00035858","0.00035858","0"
1776813720000,"0.00035800","0.00035800","0.00035800","0.00035800","2112380"
1776813780000,"0.00035800","0.00035800","0.00035800","0.00035800","0"
1776813840000,"0.00035800","0.00035800","0.00035800","0.00035800","0"
1776813900000,"0.00035900","0.00035948","0.00035900","0.00035948","40321"
1776813960000,"0.00035948","0.00035948","0.00035948","0.00035948","0"
1776814020000,"0.00035828","0.00035913","0.00035800","0.00035800","9907623"
1776814080000,"0.00035800","0.00035800","0.00035309","0.00035309","19992890"
1776814140000,"0.00035306","0.00035961","0.00035000","0.00035360","8034824"
1776814200000,"0.00035306","0.00035306","0.00035072","0.00035248","1454321"
1776814260000,"0.00035132","0.00035223","0.00035000","0.00035223","1658089"
1776814320000,"0.00035240","0.00035240","0.00035240","0.00035240","1000000"
1776814380000,"0.00035132","0.00035306","0.00035100","0.00035306","786790"
1776814440000,"0.00035393","0.00035916","0.00035393","0.00035731","1030000"
1776814500000,"0.00035700","0.00035700","0.00035562","0.00035700","336368"
1776814560000,"0.00035568","0.00035836","0.00035568","0.00035836","289302"
1776814620000,"0.00035900","0.00035900","0.00035900","0.00035900","29900"
1776814680000,"0.00035900","0.00036154","0.00035900","0.00035976","1542843"
1776814740000,"0.00036089","0.00036542","0.00035580","0.00036028","11890661"
1776814800000,"0.00036028","0.00036028","0.00036028","0.00036028","0"
1776814860000,"0.00036174","0.00036174","0.00036174","0.00036174","95214"
1776814920000,"0.00036174","0.00036174","0.00036174","0.00036174","531615"
1776814980000,"0.00036176","0.00036698","0.00035985","0.00036201","3138197"
1776815040000,"0.00036201","0.00036201","0.00036201","0.00036201","0"
1776815100000,"0.00036201","0.00036201","0.00036201","0.00036201","0"
1776815160000,"0.00036202","0.00036202","0.00036202","0.00036202","320000"
1776815220000,"0.00036204","0.00036204","0.00035915","0.00035997","2686797"
1776815280000,"0.00036088","0.00036088","0.00035784","0.00035784","1296998"
1776815340000,"0.00035900","0.00035915","0.00035829","0.00035829","666797"
1776815400000,"0.00035829","0.00035829","0.00035580","0.00035580","650000"
1776815460000,"0.00035700","0.00035948","0.00035700","0.00035948","1522463"
1776815520000,"0.00035948","0.00035948","0.00035948","0.00035948","0"
1776815580000,"0.00035831","0.00035831","0.00035580","0.00035580","3420000"
1776815640000,"0.00035580","0.00035699","0.00035580","0.00035698","1368169"
1776815700000,"0.00035698","0.00035698","0.00035698","0.00035698","0"
1776815760000,"0.00035580","0.00035580","0.00035580","0.00035580","7130000"
1776815820000,"0.00035580","0.00035580","0.00035580","0.00035580","3680000"
1776815880000,"0.00035580","0.00035580","0.00035580","0.00035580","850000"
1776815940000,"0.00035696","0.00036214","0.00035580","0.00035580","1512777"
1776816000000,"0.00035580","0.00035789","0.00035580","0.00035580","9493813"
1776816060000,"0.00035580","0.00035580","0.00035240","0.00035240","654434"
1776816120000,"0.00035219","0.00035219","0.00035100","0.00035100","86797"
1776816180000,"0.00035100","0.00035100","0.00035000","0.00035000","3180346"
1776816240000,"0.00035000","0.00035100","0.00035000","0.00035000","570000"
1776816300000,"0.00035000","0.00035000","0.00035000","0.00035000","0"
1776816360000,"0.00035000","0.00035000","0.00035000","0.00035000","5795011"
1776816420000,"0.00035000","0.00035240","0.00034598","0.00034901","9122137"
1776816480000,"0.00034900","0.00034900","0.00033995","0.00034697","14374890"
1776816540000,"0.00034523","0.00034523","0.00034177","0.00034298","2066101"
1776816600000,"0.00034298","0.00034298","0.00033540","0.00033998","19828068"
1776816660000,"0.00033827","0.00033827","0.00033271","0.00033746","51033258"
1776816720000,"0.00033770","0.00034087","0.00033770","0.00034080","1865230"
1776816780000,"0.00034079","0.00034400","0.00033100","0.00033305","61099025"
1776816840000,"0.00033240","0.00033800","0.00033239","0.00033800","12533161"
1776816900000,"0.00033696","0.00033696","0.00033360","0.00033599","11976394"
1776816960000,"0.00033599","0.00034172","0.00033300","0.00034172","14128260"
1776817020000,"0.00034160","0.00034183","0.00033609","0.00033897","11314101"
1776817080000,"0.00033897","0.00034074","0.00033840","0.00034074","3370538"
1776817140000,"0.00034073","0.00034740","0.00034073","0.00034740","12291037"
1776817200000,"0.00034720","0.00035000","0.00034610","0.00034957","3364452"
1776817260000,"0.00034957","0.00035227","0.00034748","0.00035126","2592982"
1776817320000,"0.00035126","0.00035126","0.00034784","0.00034784","4567713"
1776817380000,"0.00034784","0.00034784","0.00034784","0.00034784","0"
1776817440000,"0.00034700","0.00034700","0.00034497","0.00034599","374072"
1776817500000,"0.00034436","0.00034436","0.00034400","0.00034400","41305"
1776817560000,"0.00034400","0.00034400","0.00034400","0.00034400","0"
1776817620000,"0.00034520","0.00034521","0.00034001","0.00034413","5945884"
1776817680000,"0.00034436","0.00034582","0.00034400","0.00034582","625021"
1776817740000,"0.00034440","0.00034528","0.00034400","0.00034490","1574486"
1776817800000,"0.00034522","0.00034625","0.00034520","0.00034625","1994372"
1776817860000,"0.00034646","0.00035073","0.00034646","0.00035073","7706206"
1776817920000,"0.00035084","0.00035100","0.00035036","0.00035036","1809224"
1776817980000,"0.00035005","0.00035005","0.00034800","0.00034977","7367886"
1776818040000,"0.00034977","0.00034977","0.00034540","0.00034540","10515462"
1776818100000,"0.00034523","0.00034523","0.00033897","0.00034100","4609016"
1776818160000,"0.00034100","0.00034100","0.00034100","0.00034100","0"
1776818220000,"0.00034001","0.00034415","0.00033700","0.00034415","6286614"
1776818280000,"0.00034436","0.00034811","0.00034400","0.00034400","3673244"
1776818340000,"0.00034400","0.00034474","0.00033671","0.00034474","19150845"
1776818400000,"0.00034351","0.00034480","0.00033840","0.00033940","8824232"
1776818460000,"0.00033827","0.00033841","0.00033501","0.00033613","7583503"
1776818520000,"0.00033640","0.00033848","0.00033222","0.00033760","10567058"
1776818580000,"0.00033700","0.00033740","0.00033335","0.00033600","15382689"
1776818640000,"0.00033640","0.00033764","0.00033000","0.00033402","28466672"
1776818700000,"0.00033377","0.00033700","0.00033000","0.00033058","24892911"
1776818760000,"0.00033058","0.00033621","0.00033001","0.00033464","22121405"
1776818820000,"0.00033566","0.00033660","0.00033100","0.00033100","1487666"
1776818880000,"0.00033100","0.00033100","0.00032041","0.00032478","23599712"
1776818940000,"0.00032500","0.00032525","0.00032000","0.00032170","9509980"
1776819000000,"0.00032040","0.00032552","0.00031886","0.00032552","27563858"
1776819060000,"0.00032600","0.00032982","0.00032600","0.00032798","8610424"
1776819120000,"0.00032800","0.00033151","0.00032600","0.00032969","3657072"
1776819180000,"0.00033000","0.00033358","0.00032918","0.00033348","21533002"
1776819240000,"0.00033218","0.00033333","0.00032863","0.00033333","3568111"
1776819300000,"0.00033392","0.00033778","0.00033392","0.00033649","7439545"
1776819360000,"0.00033653","0.00034187","0.00033653","0.00034058","1936619"
1776819420000,"0.00034001","0.00034089","0.00033829","0.00033972","8554196"
1776819480000,"0.00033960","0.00034142","0.00032989","0.00032990","13729351"
1776819540000,"0.00032990","0.00033305","0.00032920","0.00033152","18806990"
1776819600000,"0.00033044","0.00034120","0.00032784","0.00034120","21233497"
1776819660000,"0.00034002","0.00034080","0.00033494","0.00033580","8195300"
1776819720000,"0.00033600","0.00034030","0.00033254","0.00033624","19640620"
1776819780000,"0.00033700","0.00033960","0.00032914","0.00033131","10833183"
1776819840000,"0.00033131","0.00033920","0.00032976","0.00033191","25728301"
1776819900000,"0.00033300","0.00033415","0.00032575","0.00032800","7273089"
1776819960000,"0.00032716","0.00033232","0.00032600","0.00032610","10075406"
1776820020000,"0.00032600","0.00033000","0.00032575","0.00032985","14131041"
1776820080000,"0.00032870","0.00033099","0.00032561","0.00032801","5145504"
1776820140000,"0.00032880","0.00033229","0.00032750","0.00033017","18206042"
1776820200000,"0.00033000","0.00033000","0.00032930","0.00032930","640000"
1776820260000,"0.00033044","0.00033880","0.00033044","0.00033653","13886649"
1776820320000,"0.00033800","0.00033899","0.00033144","0.00033438","8294173"
1776820380000,"0.00033400","0.00033421","0.00033247","0.00033421","1499739"
1776820440000,"0.00033440","0.00033440","0.00033100","0.00033240","6121228"
1776820500000,"0.00033239","0.00033400","0.00033239","0.00033399","1322436"
1776820560000,"0.00033399","0.00033399","0.00033100","0.00033100","399620"
1776820620000,"0.00033101","0.00033341","0.00033100","0.00033100","5540694"
1776820680000,"0.00033100","0.00033240","0.00033100","0.00033200","3279898"
1776820740000,"0.00033280","0.00033299","0.00033100","0.00033298","887984"
1776820800000,"0.00033280","0.00033366","0.00033111","0.00033366","3992521"
1776820860000,"0.00033365","0.00033480","0.00033194","0.00033194","1512455"
1776820920000,"0.00033279","0.00033960","0.00033278","0.00033865","20166651"
1776820980000,"0.00033865","0.00034078","0.00033231","0.00033827","39023182"
1776821040000,"0.00033827","0.00034361","0.00033300","0.00033300","27027711"
1776821100000,"0.00033391","0.00034001","0.00033221","0.00034001","22459127"
1776821160000,"0.00033900","0.00034105","0.00033441","0.00034056","21208289"
1776821220000,"0.00034000","0.00034080","0.00033492","0.00033760","19368541"
1776821280000,"0.00033827","0.00034051","0.00033412","0.00033600","17487205"
1776821340000,"0.00033600","0.00033928","0.00033408","0.00033520","20604060"
1776821400000,"0.00033639","0.00033971","0.00033480","0.00033827","20593444"
1776821460000,"0.00033919","0.00033970","0.00033480","0.00033840","17642862"
1776821520000,"0.00033869","0.00034500","0.00033831","0.00034440","37844510"
1776821580000,"0.00034349","0.00034438","0.00034086","0.00034240","19604889"
1776821640000,"0.00034240","0.00034482","0.00034042","0.00034482","42857948"
1776821700000,"0.00034440","0.00034594","0.00034200","0.00034364","19463362"
1776821760000,"0.00034473","0.00034900","0.00034260","0.00034784","24627931"
1776821820000,"0.00034756","0.00034855","0.00034600","0.00034760","24773595"
1776821880000,"0.00034758","0.00035000","0.00034600","0.00034920","22149751"
1776821940000,"0.00034958","0.00035040","0.00034620","0.00034880","17767893"
1776822000000,"0.00034960","0.00035000","0.00034610","0.00034610","23727270"
1776822060000,"0.00034610","0.00034851","0.00034600","0.00034800","18435750"
1776822120000,"0.00034797","0.00035240","0.00034697","0.00035100","27913377"
1776822180000,"0.00035216","0.00035457","0.00034999","0.00035403","55078416"
1776822240000,"0.00035402","0.00035868","0.00035124","0.00035494","47137648"
1776822300000,"0.00035494","0.00035495","0.00035132","0.00035400","20578998"
1776822360000,"0.00035399","0.00035578","0.00035338","0.00035519","18818774"
1776822420000,"0.00035519","0.00036038","0.00035519","0.00035787","41842869"
1776822480000,"0.00035671","0.00036066","0.00035141","0.00035477","26427454"
1776822540000,"0.00035476","0.00035913","0.00035432","0.00035899","14573621"
1776822600000,"0.00035900","0.00035943","0.00035420","0.00035559","18290998"
1776822660000,"0.00035559","0.00035560","0.00035140","0.00035508","13738350"
1776822720000,"0.00035547","0.00035560","0.00035407","0.00035560","11075958"
1776822780000,"0.00035560","0.00035961","0.00035359","0.00035880","16266381"
1776822840000,"0.00035899","0.00036180","0.00035567","0.00036011","21884713"
1776822900000,"0.00036159","0.00036223","0.00035579","0.00036079","29099242"
1776822960000,"0.00036079","0.00036395","0.00035960","0.00036199","20588343"
1776823020000,"0.00036199","0.00036318","0.00035915","0.00036312","16046700"
1776823080000,"0.00036309","0.00036993","0.00036144","0.00036701","39637569"
1776823140000,"0.00036702","0.00037650","0.00035915","0.00036611","37695599"
1776823200000,"0.00036611","0.00037254","0.00035886","0.00036200","49397724"
1776823260000,"0.00036200","0.00037300","0.00036126","0.00037070","34913078"
1776823320000,"0.00037070","0.00037804","0.00037070","0.00037426","46266177"
1776823380000,"0.00037404","0.00037700","0.00037219","0.00037500","25766710"
1776823440000,"0.00037500","0.00037699","0.00037244","0.00037337","37045941"
1776823500000,"0.00037497","0.00037512","0.00037000","0.00037211","19150963"
1776823560000,"0.00037239","0.00037699","0.00037000","0.00037382","68772508"
1776823620000,"0.00037410","0.00037597","0.00037000","0.00037200","15764415"
1776823680000,"0.00037330","0.00037332","0.00036799","0.00036961","15147334"
1776823740000,"0.00036802","0.00037105","0.00036802","0.00037021","18772533"
1776823800000,"0.00036961","0.00038055","0.00036961","0.00037561","44882624"
1776823860000,"0.00037599","0.00037600","0.00037319","0.00037439","6264961"
1776823920000,"0.00037500","0.00038000","0.00036800","0.00037111","49231109"
1776823980000,"0.00037111","0.00037500","0.00036760","0.00036959","16006684"
1776824040000,"0.00036959","0.00037304","0.00036959","0.00037086","8777333"
1776824100000,"0.00037040","0.00037628","0.00037002","0.00037441","7245700"
1776824160000,"0.00037480","0.00037949","0.00037283","0.00037626","11536334"
1776824220000,"0.00037627","0.00037884","0.00037514","0.00037725","10663707"
1776824280000,"0.00037725","0.00038439","0.00037520","0.00038399","12516015"
1776824340000,"0.00038400","0.00039191","0.00038148","0.00038800","29613207"
1776824400000,"0.00038800","0.00039248","0.00038754","0.00039006","15033440"
1776824460000,"0.00039006","0.00039501","0.00039000","0.00039200","14124898"
1776824520000,"0.00039398","0.00039399","0.00039000","0.00039000","15415525"
1776824580000,"0.00039000","0.00039041","0.00038440","0.00039041","29343626"
1776824640000,"0.00039041","0.00040000","0.00039024","0.00039960","55873148"
1776824700000,"0.00039960","0.00040927","0.00039800","0.00040804","29567337"
1776824760000,"0.00040860","0.00040860","0.00039135","0.00040347","65159970"
1776824820000,"0.00040290","0.00040456","0.00039464","0.00039876","39831174"
1776824880000,"0.00039875","0.00039876","0.00039502","0.00039780","36857420"
1776824940000,"0.00039544","0.00039839","0.00039240","0.00039500","22914070"
1776825000000,"0.00039597","0.00040850","0.00039597","0.00040850","24801579"
1776825060000,"0.00040860","0.00040927","0.00040287","0.00040287","21405542"
1776825120000,"0.00040320","0.00040400","0.00039440","0.00039782","19581237"
1776825180000,"0.00039653","0.00040086","0.00039120","0.00039973","32055513"
1776825240000,"0.00039800","0.00039972","0.00039423","0.00039600","8393341"
1776825300000,"0.00039500","0.00039600","0.00038500","0.00039067","53870137"
1776825360000,"0.00038900","0.00039474","0.00038760","0.00039225","14232863"
1776825420000,"0.00039120","0.00039431","0.00039080","0.00039150","27618006"
1776825480000,"0.00039084","0.00039100","0.00039051","0.00039100","7540850"
1776825540000,"0.00039100","0.00039128","0.00039083","0.00039083","30562882"
1776825600000,"0.00039083","0.00039084","0.00038660","0.00038821","22052657"
1776825660000,"0.00039050","0.00039084","0.00038848","0.00038955","9349897"
1776825720000,"0.00038927","0.00039084","0.00038921","0.00039074","3316331"
1776825780000,"0.00039000","0.00039000","0.00038903","0.00039000","1485526"
1776825840000,"0.00038927","0.00039000","0.00038690","0.00039000","40351767"
1776825900000,"0.00038823","0.00039200","0.00038823","0.00039200","9253176"
1776825960000,"0.00039200","0.00040571","0.00039132","0.00040390","21438959"
1776826020000,"0.00040392","0.00040540","0.00039438","0.00039660","11287946"
1776826080000,"0.00039650","0.00040120","0.00039269","0.00040044","2669222"
1776826140000,"0.00040045","0.00040440","0.00039841","0.00040205","11843429"
1776826200000,"0.00040100","0.00040800","0.00039841","0.00040477","11837853"
1776826260000,"0.00040477","0.00040790","0.00040287","0.00040401","7793203"
1776826320000,"0.00040402","0.00040883","0.00040402","0.00040883","6357251"
1776826380000,"0.00040883","0.00041398","0.00040701","0.00040783","27232579"
1776826440000,"0.00040784","0.00041196","0.00040280","0.00040843","13379718"
1776826500000,"0.00041000","0.00041940","0.00041000","0.00041465","36570011"
1776826560000,"0.00041300","0.00041300","0.00041035","0.00041035","734087"
1776826620000,"0.00041300","0.00041415","0.00040956","0.00040956","4244932"
1776826680000,"0.00040881","0.00041553","0.00040740","0.00041553","2252665"
1776826740000,"0.00041300","0.00042650","0.00041036","0.00042650","27264129"
1776826800000,"0.00042782","0.00043570","0.00041920","0.00042973","40069592"
1776826860000,"0.00043250","0.00043412","0.00042158","0.00043412","12358471"
1776826920000,"0.00043250","0.00043544","0.00043143","0.00043544","12631962"
1776826980000,"0.00043544","0.00044107","0.00043100","0.00043103","49955359"
1776827040000,"0.00043104","0.00043395","0.00042076","0.00043140","23653006"
1776827100000,"0.00043140","0.00043246","0.00042800","0.00043153","10889056"
1776827160000,"0.00043244","0.00044000","0.00042960","0.00043685","29535274"
1776827220000,"0.00043686","0.00043686","0.00042887","0.00043686","17333719"
1776827280000,"0.00043685","0.00044640","0.00043440","0.00044563","32029501"
1776827340000,"0.00044700","0.00044812","0.00043700","0.00044560","27362800"
1776827400000,"0.00044560","0.00044879","0.00044000","0.00044440","20202500"
1776827460000,"0.00044360","0.00044730","0.00043842","0.00044297","17690284"
1776827520000,"0.00044199","0.00044240","0.00043685","0.00044000","9291095"
1776827580000,"0.00044026","0.00044213","0.00043120","0.00043890","19113031"
1776827640000,"0.00043700","0.00043928","0.00041150","0.00042500","78253352"
1776827700000,"0.00042500","0.00043487","0.00042000","0.00043036","18690738"
1776827760000,"0.00043036","0.00043216","0.00042600","0.00042942","12058686"
1776827820000,"0.00042656","0.00043344","0.00042600","0.00043099","16611363"
1776827880000,"0.00043097","0.00043097","0.00042200","0.00042240","4804088"
1776827940000,"0.00042462","0.00043311","0.00042280","0.00042760","18962578"
1776828000000,"0.00042780","0.00043540","0.00042698","0.00043120","6217798"
1776828060000,"0.00043251","0.00043251","0.00042660","0.00042794","3516591"
1776828120000,"0.00042799","0.00042996","0.00041920","0.00042526","11898419"
1776828180000,"0.00042485","0.00043053","0.00042328","0.00042735","4017845"
1776828240000,"0.00042734","0.00042734","0.00041857","0.00042196","12603026"
1776828300000,"0.00042014","0.00042660","0.00041920","0.00042660","3586278"
1776828360000,"0.00042700","0.00043000","0.00042480","0.00043000","5490834"
1776828420000,"0.00042999","0.00043890","0.00042902","0.00043140","26750234"
1776828480000,"0.00043140","0.00043640","0.00042924","0.00042930","7146819"
1776828540000,"0.00042930","0.00042960","0.00042241","0.00042320","4794426"
1776828600000,"0.00042360","0.00042420","0.00041461","0.00041461","5409269"
1776828660000,"0.00041520","0.00041920","0.00041280","0.00041295","10349117"
1776828720000,"0.00041320","0.00041560","0.00041160","0.00041400","4810119"
